text,Label
"""Daftar stimulan prestasi non akademik skoring 398.579 tapi gak lolos verifikasi dgn alasan sertifikat tidak sesuai juknis. Baru sadar walau juara 1 internasional kalau penyelenggaranya bukan dari kemendikbud etc ditolak :) apa effort supaya dpt juara 1 internasional dgn penyelenggara kampus etc beda gitu ya lebih effortless kali ya :)""",Negatif
"""YG GA TERIMA ????""",Negatif
"""SKORING NYA KETINGGIAN. KAMPUS DI BALIKPAPAN NIH AKRED B PRODI B. ANEH PERATURAN NYA KACAU""",Negatif
"""Kok tiba?ý gak masuk skoring padahalnya nilainya masuk""",Negatif
"""@donrachman8 stimulan akademik tahap IV tipis banget tuh turunnya wahaha syedih""",Negatif
"""Ganti gubernur""",Negatif
"""@almuzakii @xbuzz46 modal ipk pas2an sama akre prodi c mau berharap apa guys""",Negatif
"""Kenapa yg S2 skor nya tinggi bgt sii""",Negatif
"""@deswita.scj saddd bgt????""",Negatif
"""siapa yg menjadi prioritas beasiswa???apakah putraputri kaltim?? kuliah dikampung sendiri aja ngga bisa dpt bktƒ??.bgmana dg anak asli kaltim dari kab/kota yg kuliah di unmul""",Negatif
"""gajelas""",Negatif
"""Pantass banyak ga lolos min dananya kemana aj kmre kmren banyak yg dpt skrng malah dikti banget ternyta jatah nya dikurngin kocakk""",Negatif
"""rupanya anggaran dipotong pj????""",Negatif
"""PJ bobrok""",Negatif
"""tinggiin terossss skoringnya bos""",Negatif
"""Oh ternyata tenyata dipangkas Ama PJ :"")""",Negatif
"""oh ternyata dananya dipotong dari 250M jadi 200M ama PJ???? oh gitu ya...""",Negatif
"""dananya di pangkas 50m dlu gasii""",Negatif
"""Korupsi ya pak ?""",Negatif
"""dananya dikorupsi ???""",Negatif
"""@firlyannda @vitriaa24 ah udh ga kaget knapa skoringnya setinggi ini wkwk ytta ???""",Negatif
"""@nadimass_ sekelas kampus pendidikan nomor  1 aja ga dikasih ????""",Negatif
"""hasil skoring saya 303.091 dgn IPK 3.64 harus gimana lagi biar dpt beasiswa ini ya cuma dpt hikmahnya aja????""",Negatif
"""univ & prodi akre A juga gak ngaruh ya? padahal jelas bgt tertera min ipk 3.25 yang artinya diatas itu masih masuk skoring tp di web tidak masuk batas skoring:))""",Negatif
"""ADMINNNN AAARRGGG NANGISS BNGT BUTUH BUAT SKRIPSI ????????""",Negatif
"""Malam2 anakku telp dari malang menangis dia katanya ngk lolos beasiswa stimulan padahal kampusnya Brawijaya akreditas Abdan nilai skor menyukupi.. malah ada yg di bawah dia malah lolos aneeeh""",Negatif
"""@alpatnoor benar beasiswa banyak aturan...mending sekolah gratis aja dari pada beasiswa""",Negatif
"""Udah upload transkrip nilai plus IPK tercantum malah ditolak dgn alasan bukan dokumen IPK. Org yg verifikasinya ga beres nih""",Negatif
"""haha saya harus cari duit dimana buat bayat UKT selanjutnya????""",Negatif
"""Sperti gak fair sj""",Negatif
"""@alpatnoor itu sudah tahun sebelumnya aman aja kenapa kah tahun ini kada beres untuk persyaratan masi sama kenapakah kada lolos ????""",Negatif
"""Dananya fokus buat ikn""",Negatif
"""@fionadika dananya di sunat buat IKN???œ""",Negatif
"""skoring nya tinggi banget min ???› kecewaa ??®ÿ""",Negatif
"""Emang ada yg lolos skoring kayak gini...lha IPK 4 akre B aja gak lolos""",Negatif
"""lawak bgt sih asli ini mah dikorupt wkwk""",Negatif
"""@alieffahrizha nilai nya disuruh setara sama anak coc ruang guru""",Negatif
"""Apa gunanya min di kasih minimal nilai IPK klw begini hasilnya???› sakit hati bgt sama skoring""",Negatif
"""Skoringnya tinggi banget eh""",Negatif
"""@mhmd.atharrr tinggi bgtt??ý""",Negatif
"""Kecewa banget yang ipknya udah bagus tapi akreditas prodi dan kamlus harus A""",Negatif
"""anak sy score jg tinggi IPK 3.8 Krn masukan biaya ukt dgn yg d upload beda 2000 pdhal itu biaya admin bank...smoga msh BS d sanggah Krn score masuk hanya d tolak Krn TDK sama biaya ukt dgn  bukti trf""",Negatif
"""@pucuksingkong_ aku s2 kak. ipk 4. KADA LOLOS. wkwkwkw lawakkkk lawakkkk""",Negatif
"""@supernawai mau stimulan sama tuntas sama sama tinggi skornya""",Negatif
"""Skoringnya gak masuk akal.. brp jumlah total penerima beasiswanya nih min? Jdi penasaran beneran ada yg terima gak klo gini? Atau yg terima malah ternyata gak sesuai persyaratan ups ????""",Negatif
"""@dovpb senasib ???› emang gak mau kasih buat S2 klo gini sih..""",Negatif
"""Ini masuknya tahap 1 apa 2?? Tinggi amat wehh tahun lalu ga gini mana aku anak Teknik sangad kacaw kalo harus sempurna:)""",Negatif
"""@itsmayboy emng kocak taun ini aturan""",Negatif
"""Hidup di negeri konoha gini amat ya allah???›""",Negatif
"""skoring diluar nalar.""",Negatif
"""Kayaknya ngk usah aja skalian buat program beasiswanya????""",Negatif
"""Akhhhhhh capeee""",Negatif
"""Tinggi seperti harapan orang tua. ????""",Negatif
"""IPK 3.7 ga lolos alasannya karna data ga valid awoakwk kocak pdhl jelas disitu datanya asli semua yang di scan??????""",Negatif
"""Konyol""",Negatif
"""gak ada adilnya program kaltim tuntas ini. daripada menaikkan standar minimal skoring mending adakan aja program baru untuk kampus dan prodi akreditasi A. percuma kalau kyk gini jadinya. mahasiswa yang udah berusaha dapetin nilai tinggi usaha nya sia sia sekalipun dia dapat IPK 4.0 cuma karena terhalang akreditasi.""",Negatif
"""Skoring diluar nalar ini sudah???›""",Negatif
"""tinggi amay nilai skorsingnya udh kek nyari spek mantu????""",Negatif
"""Skoring nya kacau banget ????""",Negatif
"""gila skoring naik bgt dari tahun lalu buat stimulan prestasi akademik""",Negatif
"""@nbelaaacrs_ naikin skoring sesuka hatii duaarr naik selangit????""",Negatif
"""wkk skoring kocak ipk bagus buat apa dah kl ga dilolosin""",Negatif
"""Nangis karena sudah nungguin dan berharap bnget sama beasiswa ini tapi malah g lolos udh 2 kali g lolos jujur kecewa bnget""",Negatif
"""Anggaran dipotong karena covid? Mau tanya covidnya tahun berapa sih kok potong anggarannya taun ini wkkwkw""",Negatif
"""Ini ndak ada alasannya kh knpa bisa setinggi ini skoringnya dah dftr 2 kli berhrp thn ini dpt malh gak dpt hedeh???›""",Negatif
"""@novelfirmanz anggarannya kanda yg di pangkas wkwk""",Negatif
"""Kemana yah uangnyaa...jgn""???› kok standarnya tiba2 di naikin . Biar sedikit penerimanyaa???""",Negatif
"""jauh banar naiknya dri pd tahun smlam lah batas nilai skoringnya ckckck""",Negatif
"""skoring nya setinggi harapan mamakku min???????""",Negatif
"""Saya kecewa anak saya tidak lolos padahal meng harap banget""",Negatif
"""capee""",Negatif
"""Mang boleh min skoring setinggi itu???›""",Negatif
"""NT GUYS YA YG AMBIL STIMULAN ????""",Negatif
"""@deswita.scj kecewa???›""",Negatif
"""skoring ketinggian :)""",Negatif
"""Padahal butuh banget untuk Tesis???""",Negatif
"""kocak""",Negatif
"""mang boleh min setinggi iniii???›""",Negatif
"""duarr skoring setinggi langit""",Negatif
"""tahun lalu skor nya ga setinggi ini bjirƒ??""",Negatif
"""nih ga ada tahap 2 ya? cape banget""",Negatif
"""anjay tinggi banar""",Negatif
"""Waduh skoringnya tinggi kali""",Negatif
"""Setinggi tahta pejabat???""",Negatif
"""@dovpb sengaja di naikin biar gak dapet""",Negatif
"""Tinggi bnget minn skoringnya""",Negatif
"""mending juknis dirombak ""KHUSUS AKREDITAS A""""",Negatif
"""@angeliaaakp_ khusus yang akre B diminta IPK 5 kali ya ??®œ""",Negatif
"""Mau IPK mu 4 kalo akred kampus/prodi mu lain A kubur jauh"" ekspektasi mu sod ???œ???œ""",Negatif
"""Padahal butuh bgt buat skripsian???›""",Negatif
"""@______why.me______  di Jukniss IPK minimal 3.00..saya pikir juga bakal masuk IPK 3.80 ternyata engga""",Negatif
"""@jl_leha mencurigakan ????""",Negatif
"""@jl_leha iyaa curiga sama cara hitungnya""",Negatif
"""@mutawally_s turut merasakan.""",Negatif
"""@novelfirmanz usaha mengkhianati hasil itu wkwk""",Negatif
"""@kimimak1 itu pang jadi curiga ????""",Negatif
"""@deswita.scj yang daftar banyak jadinya yang akre nya A nilainya makin tinggi dan yang tahun lalu akre B biasa lolos tahun ini gak lolos karena anggaran di potong dan peminat beasiswa semakin banyak""",Negatif
"""@ikikzen asli skoringnya tinggi banget????""",Negatif
"""@dndymancrush iyaa eh kak aku mahasiswa akhir skripsi ipk 3.5 juga ga lolosss padahal nungguin bgt????????""",Negatif
"""@ontynyakamari sudahnya pengumuman nya pas udah kelar skripsi???????? ga lolos lagi????????????""",Negatif
"""@mhmmd.aminllah miris banget nasib ni wkwk""",Negatif
"""Report aja akun bkt ni ga jelas percuma ipk tinggi"" Ga dapet juga""",Negatif
"""@eivannlilje ???›???› parah banget""",Negatif
"""@eivannlilje parah banget ???›???›""",Negatif
"""Akibat besiswa di kaltim di kurangin""",Negatif
"""KACAU KACAU""",Negatif
"""Kapan cairnya min... Jangan solimi atuh ???›""",Negatif
"""masa bilangnya administrasi ga sesuai sama posisi semester? apanya yang ga sesuai sudahh pasti kita perhatikan lah min MASA SEMESTER 5 BILANGNYA SEMESTER 6 SIH KAN GA MUNGKINNNN""",Negatif
"""Mengecewakan""",Negatif
"""Banyak juga yg komplain nih ???? @valprojectx  gak setransparan dulu ya waktu zaman kita kuliah th 2010-2011""",Negatif
"""beasiswa terkocak jatuh kepadaaa BKT 2024????""",Negatif
"""@dikisuganda_ds ipk 3.8 ga lolos bkt anjay wkwk""",Negatif
"""@saniah2806 iyaa kecewa bgt sama skoring tahun ini terlalu tinggi skor 330 pun ga lolos????""",Negatif
"""@saniah2806 IPK 4 gak lolos utk S2 PT B dan prodi B. Minimal PT A/unggul supaya bisa naik skornya jadi 340 dari 331. Tapi akreditas Unmul malah turun wkwkwkw makin nyesel AE ngapa kepikiran kuliah di sini ????""",Negatif
"""Ini parah si IPK tinggi ga menjamin lolos ordalnya kuat""",Negatif
"""ANEH.. ""TIDAK LOLOS VERIFIKASI KARENA MENGUNGGAH BUKAN BUKTI PEMBAYARAN UKT/SPP SATU SEMESTER TERAKHIR(SAAT PENDAFTARAN BEASISWA/TERBARU)/HANYA BERUPA SURAT PEMBERITAHUAN PEMBAYARAN  he""",Negatif
"""p gimana si skoringny kocak ????""",Negatif
"""Kok skoring stimulan akademik tahun ini lebih tinggi daripada tahun kemarin????? sumpah gk lucu ini mah ketinggian batas skoringnya stimulan akademik tahun ini????????""",Negatif
"""@_minniem00 lah scoreku aja 340 galolos kok kak HAHAHAH LUCU BGTTT ASLI TAUN INITUH KAYA DIPRANK???œ""",Negatif
"""@saniah2806 saya ipk 4 dari Unmul karna akreditasi unmul nurun jadi B jg ditolak ???›""",Negatif
"""BKT tahun ini sangat lawak deipada thun thun sebelumnya ??????????????? semngt knak hujatan""",Negatif
"""@chitanuari iya nihh masa sekelas unmul gk ada yg lolos. gk masuk akal bangettt""",Negatif
"""skoring nya awww ngeri btll eh""",Negatif
"""Tau gtu daftar beasiswa yg laen???¨ dah lama skoring ny bgtu pdhl nilaiagi bgus"" nya""",Negatif
"""berjuang biar dapat IPK 4 biar dapat beasiswa . Eh malah gk lolos krna krna prodi masih B. Kenapa gk sekalian ditulis aja khusus untuk akreditasi A? ???""",Negatif
"""bener bener lawak skoring tahun ini""",Negatif
"""@spygame17 setujuuu bangg kecewa  bangetttt""",Negatif
"""skoring minimal lawak ????""",Negatif
"""Percuma ipk 4 ga nyampe juga skornya ????????""",Negatif
"""sedihnya belum ada hilal pengumuman ????""",Negatif
"""Pengumuman beasiswa tahun ini super duper lama dari tahun-tahun sebelumnya....seandainya SKnya akan di serahkan ke PJ Gubernur.... kok blm di tandatangi juga ya ???? apa mungkin nyangkut..... atau lagi otak atik org dalam untuk bisa dapat beasiswanya ????""",Negatif
"""entah harus bersabar sampai kapan lagi menunggu pengumuman ini ya.... sudah kurang lebih 5 bln tp blm terlihat juga hilalnya....Mau sampai kapan digantung seperti ini ??? apa sampai ""janggkring gendong GONG"".... kita butuh biaya publikasi dan penelitian pak/bu..... Tolong lah dengan sangat segera diumumkan......""",negatif
"""Para pelayan publik ini sedang tidak ingin bicara ke masyarakat. Mungkin mereka lupa ketika awal bekerja ada kalimat ""berikan pelayanan terbaik"" dalam janji mereka.""",Negatif
"""STIMULAN KAPAN MENUNGGU VERIFIKASI TERUS""",negatif
"""Nunggu pak isran jadi gubernur kah min baru cair""",negatif
"""Lama bener verifikasi nya""",negatif
"""Kalau emang ga cair ni bkt jangan dipilih lagi si kai itu""",Negatif
"""tahun ini lama banget min pengumumannya tidak seperti tahun kemarin""",Negatif
"""Stimulan mahasiswa kapan ya cairnya? tolong banget ini banyak kebutuhan sbg mahasiswa tingkat akhir. Tahun kemarin aja cepet keluarnya. Kasih informasi dong min""",Negatif
"""Kaltim tuntas pengumumamnya lama bgt""",Negatif
"""min ini minimal skoring kok rataƒ? naik nya jauh bgt ya dri tahun lalu? susah bgt mau dapat klo gini untuk kampus/prodi yg akreditasnya b/c""",Negatif
"""@muayyub_atreides brti semua prodi s2 unmul gak bisa dpt beasiswa kaltim dong ya gr2 skoring begini. ",Negatif
"""Pj cuman umbar janji doang.""",Negatif
"""Cara penilaiannya gmna ya? anak sy nilai tertinggi dikelas tetapi gk lolos. sdgkan nilai yg dibawahnya bisa lolos ???› . sangat gak masuk akal @beasiswakaltim""",Negatif
"""Tahun lalu anak saya dapat tp qodarullah tahun ini gak. Padahal ikut jalur hafizh tp tahun ini diseleksi jg berdasarkan nilai ??ý""",Negatif
"Benar-benar sistem penyaringan dan penyaluran tahun ini membingungkan,",Negatif
@donrachman8 stimulan akademik tahap IV tipis banget tuh turunnya wahaha syedih,Negatif
"@kyneun07 gini deh kak, contoh kakaknya di atas berarti bukan kategori miskin dan dia jujur untuk pilih prestasi akademik. Yang di sayangkan kakaknya itu, buat apa bersaing kalau nyatanya kesempatan 1% di tuntas prestasi akademik dengan akreditasi B hampir gaaada kak, gitu lo. ga fair. jadi cuman orang kaya yang akreditasi A aja yang boleh gitu? mending di kasih tau, jangan lari ke kategori lain",Negatif
"skoring nya udah di atas ketentuan, tetap ga lolos???Ÿ????",Negatif
"Kok S2 stimulan prestasi 3,31 tapi S3 3,19? Gak masuk akal????",Negatif
Kenapa yg S2 skor nya tinggi bgt sii,Negatif
"@dwiemeynina masa' Unmul kebanggaan Kaltim, ga diperhitungkan dpt BKT tuntas meskipun IPK nilai tertinggi",Negatif
Kira2 yg di pangkas berapa banyak nih yaa????????????,Negatif
siapa yg menjadi prioritas beasiswa???apakah putraputri kaltim?? kuliah dikampung sendiri aja ngga bisa dpt bktƒ??.bgmana dg anak asli kaltim dari kab/kota yg kuliah di unmul,Negatif
Daftar stimulan prestasi non akademik skoring 398.579 tapi gak lolos verifikasi dgn alasan sertifikat tidak sesuai juknis. Baru sadar walau juara 1 internasional kalau penyelenggaranya bukan dari kemendikbud etc ditolak :) apa effort supaya dpt juara 1 internasional dgn penyelenggara kampus etc beda gitu ya lebih effortless kali ya :),Negatif
YG GA TERIMA ????,Negatif
Perlu diaudit tim independen,Negatif
rupanya anggaran dipotong pj????,Negatif
oh ternyata dananya dipotong dari 250M jadi 200M ama PJ???? oh gitu ya...,Negatif
"Kn sdh ku bilang tdi, kita satu kampus, satu prodi, satu kelas jga, daftar nya barengan di katagori yg sama, IPK ku lebih tinggi, nah skor nya kok bisa tinggi dia, gtu... Cara hitungnya itu gimna? Kok bisa? Skor rendah gara apa? Klo di bilang unggul siapa IPK ku lebih tinggi ???›""",Negatif
dananya di pangkas 50m dlu gasii,Negatif
"@saishonoko_ katanya begitu kak.. Yg tahun lalu 250 M, tahun ini dipangkas sama PJ gubernur jadi 200 M.",Negatif
"TOLONG JELASKAN SASARAN TARGET TUJUAN BEASISWA KALTIM TAHUN INI ITU SIAPA?
Kalau skoring kayak gitu kan jelas semua mahasiswa/in Universitas Mulawarman ga berhak dapat.",Negatif
dananya dikorupsi ???,Negatif
"Tolong jelaskan skema penilaiannya seperti apa? Kalau memang ada faktor lain yang bukan kesalahan dari kita, misal faktor politik atau semacamnya, sangat disayangkan. Disrespectful. Gimana kita mau membanggakan daerah kita?",Negatif
"Perasaan dulu ga parah banget permintaan scoring nya, sengaja bgt biar dikit pengeluaran ????",Negatif
"Temen gua dpt beasiswa nya, di kampus yg sama, prodi yg sama, tpi IPK gw lebih tinggi, tpi malah aq gk yg dpt, ini gimna yaa, apakah IPK sekarang gk ngaruh? Padahal kita jga daftar nya barengan dan katagori yg sama. Tolong penjelasannya knp aq gk dpt? IPK 3.88 kok biasa gk dpt ya",Negatif
Kai @isran.noor.official ???? skoringnya terlalu banar kai...help,Negatif
"@whooopsiw cek Anggaranya juga,tahun ini lebih rendah dari tahun kemaren, 500m(2023),200m(2024) dan jatahnya 31.044 dibandingkan tahun kemaren 111.871",Negatif
"kerjaaan syapa sih ini???????????? @nadiemmakarim  tolong bapak di tinjau ini ada apa gerangan beasiswa judulnya tapi ya gitu, mmg yg terbantu itu jd cm masyarakt miskin sama yg IPk 5 pak ai, kaum tengah2 ini sengsara dapat kebijakan pemerintah kami ini @nadiemmakarim  tolong pak bantu2 lah di kaji ada apa ini?????",Negatif
hasil skoring saya 303.091 dgn IPK 3.64 harus gimana lagi biar dpt beasiswa ini ya cuma dpt hikmahnya aja????,Negatif
"Akreditasi A UGM tidak memenuhi scoring, semoga Kai kembali terpilih, terlalu mmng PJ Gubernur skrg",Negatif
univ & prodi akre A juga gak ngaruh ya? padahal jelas bgt tertera min ipk 3.25 yang artinya diatas itu masih masuk skoring tp di web tidak masuk batas skoring:)),Negatif
"Min kasih kesempatan stimulain umum yang ipk nya 2,75, kasihan ipk tidak tinggi gak sampai 3 :(",Negatif
"Skoringnya di naikkan supaya mahasiswa @unmul banyak yg tidak lolos, ada apa dengan @unmul dan @pemprov_kaltim ?",Negatif
"tolong dong admin dan para pemerintah yth. kasih tau bakal ada gelombang 2 apa ga, trus transparan lah beneran ada ga skoring segitu ada yg dapat jangan jangan ntar uda anggaran di potong eh yg dapat beasiswa juga cuma dikit. trus duit nya kemana tuh wkwkwkwk",Negatif
ADMINNNN AAARRGGG NANGISS BNGT BUTUH BUAT SKRIPSI ????????,Negatif
"Anak saya juga IPK 3.80 tidak masuk batas skorsing, mohon pencerahannya berapa batas akhirnya, karena saya liat di pengumuman waktu pendaftaran 3.25 bisa masuk",Negatif
"Sumber daya alam kami di ambil , tongkang tiap hari lewat , masa untuk kepentingan beasiswa anak kaltim saja tidak merata?",Negatif
"@dovpb kak aku jg S2 tp stimulan, ipk 3.5an, akre prodi dan PT A ga dapet???ª. Heran bgt skoring untuk S2 naik bgt dan jauh di atas S3 malah wkwkwk",Negatif
@novelfirmanz usaha mengkhianati hasil itu wkwk,Negatif
"skoring nya ngeri, tinggi bangett",Negatif
"@muayyub_atreides biarin sy di bilang sempit pemikiran, spertinya beliau bukan mahasiswa pemburu beasiswa tahun ini, jd gak akan paham rasanya jdi kita2 yg berjuang untuk mendapatkan beasiswa 2024 ????",Negatif
"kasian banget yang IPK nya 4 pun ngga bakal lolos, gara gara akreditasi kampus",Negatif
haha saya harus cari duit dimana buat bayat UKT selanjutnya????,Negatif
"yg dapat Yg IPK 4 aja, luar biasa ya beasiswa kali ini, sangat tidak manusiawi... pd hal itu jg anggaran negara tp kalian mempersulit. thn ini beasis payahnya keterlaluan",Negatif
Sy pendaftar jg. Td masuk skoring. Sy masuk di s. 2 unmul. Dn akhirx tdk masuk skoring,Negatif
Indikator penilaian skoring ini apa sj itemnya.? Junlah skoring kita gak di munculkan.,Negatif
@alpatnoor itu sudah tahun sebelumnya aman aja kenapa kah tahun ini kada beres untuk persyaratan masi sama kenapakah kada lolos ????,Negatif
Mengheningkan cipta dimulai,Negatif
"ipk 3,9 tetap ga lolos karna akre B, sedih bgt????",Negatif
"duh gak lolos masuk skor nihh, psti temenku yg kaya raya masuk deh.",Negatif
@fionadika dananya di sunat buat IKN???œ,Negatif
@firlyannda @vitriaa24 ah udh ga kaget knapa skoringnya setinggi ini wkwk ytta ???,Negatif
"Gaada kasian kasiannya kalian sama hak orang yang harusnya dibantu sama program tapi malah kalian salah gunakan kalian sampingkan,heh kalian yang kerja di bawah naungan beasiswa ini kalian kira duit yang kalian makan itu HALAL?",Negatif
"jangan diam diam aja kalian, kalian gatau isi hati orang kedepannya kalian bakal jadi apa!",Negatif
"Akreditasi prodi spesialis A, dari UI akreditasi A, IPK 3.6+ gak lolos...
Ruined my dreams",Negatif
"Lucu aja sih,iya kl di sini banyak univ dengan akreditasi A gpp ya....lha akre aja bnyakan B (sukur2 ini sudah) malah dinaikin skoringnya..maunya apa?",Negatif
Emang ada yg lolos skoring kayak gini...lha IPK 4 akre B aja gak lolos,Negatif
"Lah ga lolos verifikasi administrasi krna biaya ukt ga sesuai sma yg Bru, kn kta ngitutin  byar SPP pas awl buka pendaftaran. Sedih bnget pdhl skor tinggi",Negatif
Kasian yg univnya non unggulan/prodinya bukan akre A,Negatif
"Transparansi nya mana nih kak banyak yg skoring diatas ambang batas, banyak yg sudah sesuai sama syarat ketentuan tpi ko ga lolos, klo emang anggaran kurang harusnya ada transparansi dong siapa aja yg dapat dan nilai skorsing nya berapa harus nya gitu biar fair.",Negatif
SD ga ada yg lolos kah ini ???›,Negatif
"@abdullatiif04 yg tuntas jg lebih tinggi kok lihat sj skoring tuntas S1 335 & S2 334.. sy S2 akuntansi unmul IPK 3,9 skoring 326,6 gak dpt jg..",Negatif
"Dapatnya sedikit tapi syarat nilainya tinggi banget, anakku sd ga dpt ????... Makanya dulu ak wkt kuliah mending ngajuin beasiswa diperush ortu kerja, dptnya banyak euy 3kali lipat dr ini ???",Negatif
Apa gunanya min di kasih minimal nilai IPK klw begini hasilnya???› sakit hati bgt sama skoring,Negatif
"Gak jelas seleksi nilai nya, syarat dan ketentuan nilai nya gk sesuai kenyataan yg nilai nya lebih rendah lolos yg tinggi gk lolos padahal satu lingkungan pendidikan ???œ",Negatif
"Duitnya lagi dibutuh2in bgt buat bayar semester, malah zonk, kocak bgtt tahun inii????",Negatif
"skoringnya kacau, padahal cukup berharap karena sudah mati-matian ngejar IPK 4 ??????¯",Negatif
"jangan jahat pak/bu, kasian orang tua kita""",Negatif
@alpatnoor benar beasiswa banyak aturan...mending sekolah gratis aja dari pada beasiswa,Negatif
Kecewa banget yang ipknya udah bagus tapi akreditas prodi dan kampus harus A,Negatif
"bilang aja dari awal kalau khusus kampus / prodi akreditas A, Rugi beli materai",Negatif
"tinggu kali ya skoring nya, gimana ya yang ngarepin besiswa tapi malah ga lolos karena skoring nya tinggi banget huhuhu",Negatif
@pucuksingkong_ aku s2 kak. ipk 4. KADA LOLOS. wkwkwkw lawakkkk lawakkkk,Negatif
"Ipk 3.64 tp gegara prodi baru naik A malah ga lolos... 3x daftar ikutan ga lolos, kecewa berat... Butuh bgt buat skripsian pdhl ????????",Negatif
"bela2in pertahanin IPK 4 tetap gk lolos, jadi males kuliah ????",Negatif
"@novelfirmanz mas kitani kuliah di daerah kaltim, tpi mas cb liat di web akre kampus dan prodi universitas di kaltim rata rata B mas dan yg A rata rata luar kaltim, kami yg tidak lolos dikarenakan skoring kecewa mas karena banyak beasiswa yg kami tolak demi ini, siapa si mas yg ga pede ipk 4 ga daftar kaltimtuntas? tidak usah munafik mas kita ni,seharusnya beasiswa kaltim bedakan kampus luar kaltim dan dalam kaltim agar adil mas, mau sampe spek profesor jg ga lolos mas, klo mas nya nyalahin kampus atau universitas nya gbsa mas, salahin dinas pendidikan tuh kenapa kualitas pendidikan di kaltim bisa segitu untuk mahasiswa, intinya harus adil, bnyk mas mahasiswa yg nolak beasiswa lain demi kaltimtuntas kasian asli",Negatif
"@dovpb Pengalaman tmn daftar tuntas akademik S2 thn 2021. dg akreditasi kmpus A dan prodi unggul plus ipk tinggi aja bisa gak lulus. Itu yg emg hrus jdi pertimbangan awal mau masuk pascasarjana di kampus mana dg bantuan BKT. Akreditasi kampus dan prodi sepertinya jdi pertimbangan paling awal buat lulus. Kan tau sendiri yaa kalau masuk S2 gak sesusah masuk S1, jd pasti bersaingnya sama anak UI, UGM, IPB, ITB dll. Terlebih skrng anggarannya dipotong, dg UKT yg jg udah pada naik drastis. Jadi kemungkinan selain udh kalah dg yg akreditasinya A, uang anggarannya jg udh abis. Beda sama tahun lalu, masih ada kesempatan dg tahap 2 krn anggarannya lebih. Agak kaget jg Unmul turun jadi B. Semoga bisa menjawab dan dapat beasiswa di lain tempat",Negatif
Skoringnya gak masuk akal.. brp jumlah total penerima beasiswanya nih min? Jdi penasaran beneran ada yg terima gak klo gini? Atau yg terima malah ternyata gak sesuai persyaratan ups ????,Negatif
"Jadi semua persyaratan sebenarnya untuk akre univ A dan prodi A . biar nilai di atas 3,0 kalau akre mu B ya ngga dapat . harus di cantumkan kalau akre yg B minimal dapat IPK 4,00 ???? harusnya syarat lolosnya di tau di awal biar kita hitung bisa lolos atau Tidak . jangan nnti pengumuman bgni baru kaget liat nilai kelulusan minimal sekian . nilaiku 3,34 akre univ dan prodi B dapat skoring 295.818 berharap lolos ternyata di luar nalar batas kelolosan ??? gpp lah yang penting sdh mencoba ????",Negatif
"berharap bgt dapat soalnya lgi skripsian, point kurang 182 lagi :''",Negatif
"Beasiswa kocak akre B dengan skor 318,000 bsa masuk tuntas kyapa???œ sdngkan saya akre A skor 318,000 tidak masuk",Negatif
skoring nya tinggi banget min ???› kecewaa ??®ÿ,Negatif
"Saya bingung standar skoring ini bagaimana, sy mahasiswa S3, akreditasi prodi saya A, kampus juga A. ???????",Negatif
Hidup di negeri konoha gini amat ya allah???›,Negatif
"Ngeri betul skoring tahun ini, biarpun ipk 4.0 tapi kalau akreditasi prodi dan univ B, untuk S2 juga masih belum tentu tembus ????",Negatif
Kayaknya ngk usah aja skalian buat program beasiswanya????,Negatif
"Agak lain sih dari sebanyak itu yg daftar masa ga ada yg lolos satupun,udh nunggu lama ternyata ga ada yg lolos ???›",Negatif
"Ipk ku bagus, cuma kalah skoring gara2 akreditasi kampus di beda2in termasuk temen2ku yg pintar2 lainnya sedih bgt???›???›",Negatif
"ya allah sedih bgtt udah berharap dapet ternyata engga, padahal ipk bagus???›",Negatif
Trnyata g cuma aku yg skoringnya rendah??? gpp semoga kita di berikan rezeki yang lain,Negatif
gak ada adilnya program kaltim tuntas ini. daripada menaikkan standar minimal skoring mending adakan aja program baru untuk kampus dan prodi akreditasi A. percuma kalau kyk gini jadinya. mahasiswa yang udah berusaha dapetin nilai tinggi usaha nya sia sia sekalipun dia dapat IPK 4.0 cuma karena terhalang akreditasi.,Negatif
"untuk stimulan khusus hafidz/ah skoringnya gak ngotak, melebihi skoring yg stimulan prestasi akademik, seharusnya kebalik dong, prestasi akademik yg lebih tinggi skoring, karena mengacu pada prestasi akademik dan berkaitan dengan akreditasi kampus, sedangkan stimulan khusus hafidz/ah harusnya skoring nya lebih rendah karena fokus pada sesuai namanya yaitu beasiswa stimulan khusus hafidz/ah, semoga berbenah ????????",Negatif
"@dayangannaa jgn Kak kalau ragu ragu, kalau mau gambling dgn pendidikan gas????. Ga bisa diprediksi soalnya dunia pendidikan dikaltim ini????",Negatif
"@deswita.scj juknis persyaratan itu gak jadi masalah juknis itu malah bagus ngebantu mengira ngira dapat skor berapa kita, mbanya itu gak lolos karena banyak orang di atas mba banyak yang punya akreditasi lebih bagus jadi batas minimum skor itu jadi naik drastis (juga dipengaruhi karena turunnya anggaran)",Negatif
@ardhi_pandawa sabar bang kita juga sama. Lagi nyusun skripsi butuh dana lumayan belum buat wisuda nanti,Negatif
Skoring diluar nalar ini sudah???›,Negatif
"kasian yg ngarepin duit beasiswa buat kuliah min,bayangin aja mereka make itu buat lanjut sem selanjutnya trs putus cuma krna gabisa bayar,yg bener aja. skorsingnya jangan kek gt kali lah, kan kami makenya bukan buat kualifikasi cumlaude:)",Negatif
"@killaayoww nah betul kasian yg kurang mampu, uangnya berharap buat semester tapi dikasih skoring spek Olimpiade",Negatif
tinggi amay nilai skorsingnya udh kek nyari spek mantu????,Negatif
"Pejuang ipk tinggi, ujung2nya gk lolos jg. Karna akreditasi",Negatif
"Beasiswa khusus akreditasi univ dan prodi A ini mah???œ???œ???œ, IP ga ada ngaruhnya sama sekali",Negatif
"gak objektif, rata rata skoring stimulan lebih tinggi dari yang tuntas, padahal dari segi level program tuntas lebih tinggi karena dikhususkan untuk kampus kampus yg akreditasi A dan B, sedangkan stimulan untuk kampus2 yg dibawah akreditasi nya program tuntas, tapi malah rata rata stimulan skoring nya lebih tinggi dari yang tuntas, ini kesalahan sistem atau gimana, mohon konfirmasi serta penjelasannya agar tidak terjadi kegaduhan di kolom komentar????????????????????",Negatif
"tinggi kali skoring th ini, padahal cuma minus 5 doang",Negatif
"Di kabupaten ga dapat, do provinsi juga ga dapaatt wkwkw. Jangan heran kalo habis ini banyak yg golputƒ?§????. Gada yg bisa di percaya",Negatif
Skoring nya kacau banget ????,Negatif
@wiiokta yg IPK ya dah mentok pun gak lolos ????.,Negatif
"@emiruaksa sama kak saya juga gitu skor nya lebih dari 310 tapi ga lolos verifikasi karena upload dokumen ipk tidak sesuai, padahal semua dokumen sudah benar sesuai ketentuan termasuk dokumen ipk??ý . mohon bantuannya dong ini kalo mau ngelapor gimana ya?????¯",Negatif
"@pucuksingkong_ bay kasihan kita lanjut semester 9 berharap BKT bayar semester ???œ, mana akreditasi B semua pula 306. ++ Buat dilihat aja",Negatif
"Katanya tahun ini kuota nya diperbanyak, tapi kok banyak yg ga keterima ya tahun ini dibandingkan tahun kemaren? ????",Negatif
"@herryudha_p maaf mas kalau terkesan ngomel, saya cuma menyampaikan pendapat kok tentang sistem penilaiannya. coba diperhatikan kembali begini.. jika berdasarkan penilaian juknis ipk 4.00 akre univ B prodi B itu hasilnya 331,8 yang artinya tidak memenuhi batas ambang. kita ambil contoh si B ga keterima karna kalah sama kampus yang univ A prodi A lebih banyak yang daftar, oke masuk akal. kemudian, coba kita ambil contoh lain misalnya"" mahasiswa si univ A prodi A yang daftar tidak banyak (tidak memenuhi slot) jawabannya si univ B dan prodi B tetap tidak diterima, ya karena dari awal memang tidak mencukupi skoring. pertanyaannya, apakah sebenarnya si B ini benar-benar memiliki kesempatan?""",Negatif
"IPK 3.9 tiap semester, Skoring 326.909 gada artinya Tai",Negatif
"kacaw bgt BKT tahun ini, miris liat daerah sendiri.. GWS buat KALTIM deh..",Negatif
@sabrinaasrgr_ skoring buat cumlaude????,Negatif
Ini ndak ada alasannya kh knpa bisa setinggi ini skoringnya dah dftr 2 kli berhrp thn ini dpt malh gak dpt hedeh???›,Negatif
"lah temen ku. 2 org stimulan ga lolos gegara katanya bukti pembayaran ukt nya salah padahal pendaftaran semester 4 harusnya yg di pake bukti semester 4 juga ga sih lah ini malah ga di terima, kocak ????",Negatif
"skor beda 4 doang loh min, ada apa dengan kalian wahai bkt???",Negatif
Tinggi seperti harapan orang tua. ????,Negatif
"kasian sih yg ipk tinggi, tp akred kampus nya gak A jd nda lolos ??ý??ý",Negatif
"@vandejongh aku 3,8 gk lolos ???Ÿ",Negatif
@ardhi_pandawa semahal apasih S2 unmul dibanding S2 dikampus yg akreditasi A????,Negatif
IPK 3.7 ga lolos alasannya karna data ga valid awoakwk kocak pdhl jelas disitu datanya asli semua yang di scan??????,Negatif
"@vandejongh ga ngaruh. Aku 3,7 malah ga lolos. Dilihat dri akreditasi kampusnya :)",Negatif
"@ardhi_pandawa sama bang, Lg nyusun tesis juga. Dananya banyak jga. Cuma ya gini, skornya tinggi sekali",Negatif
"@vandejongh hehe ipk ku selalu diatas 3,9, semester kemarin aja baru dapat 3,7 tetap ga lolos :)",Negatif
Klo gk ada yg lolos trus dananya dikemanain ya ????,Negatif
Gk lolos ??§,Negatif
"@ardianz.26 betul nihh, sudah telatt banar juga pengumumannya dri pd tahun semalam, isu isu nya ad yg kd mau tanda tangan jar semalam??®œ",Negatif
"@kyneun07 kok bisa? secara rumus juknis aja ipk 4.00 akre prodi B univ B hasilnya 331,81 yg dimana itu tidak memenuhi ambang.",Negatif
"@herryudha_p hmm, saya pakai strategi ini, karena memang akreditasi prodi nya C, tapi IPK udh full, akreditasi PT A masih gak mencapai batas skor minimal... Andai ada perhitungan nilai batas skor minimal dan atau list daftar penerima beasiswa yg transparan, mungkin bisa di terima dengan lapang dada...????",Negatif
"@herryudha_p kalau kakak bilang jangan sempit pemikiran. Seharusnya pihak provinsi juga mempertimbangkan kesetaraan sistem akreditasi lama dengan yang baru. Sebab sejatinya secara skor akreditasi, universitas yang sebelumnya dapat A tapi turun jadi baik sekali itu sebenarnya memenuhi skor untuk unggul, namun ada syarat lain diluar yang tidak terpenuhi. Maksud saya di sini, kalau kalian aware dengan hal ini, seharusnya ada pembeda perhitungan skor antara yang masih pakai akreditasi huruf tunggal dengan kata. Agaknya kurang adil jika baik sekali disetarakan B sebab ada univ yang tahun 2022 perpanjang akreditasi masih A, eh tahun depan ada sistem akreditasi baru yang seharusnya dia dapat baik sekali, tetapi tetap A sampai dengan akreditasi selanjutnya.",Negatif
@deswita.scj ipk 8 mba biar dpt wkwk,Negatif
"ga ngotak skoring stimulan akademik tahun ini..padahal tahun lalu ga setinggi ini, kenapa tiba tiba di naikin skornya??? apa sengaja supaya sedikit yg dapat beasiswa supaya ga kekurangan dana kah??®› kemana kahhh perginya dana nya?????ª",Negatif
"@muayyub_atreides benar kak, masalahnya ga semua anak Kaltim cukup dana untuk merantau ke Daerah yg univ sudah akreditasi A/unggul. Ada yg sudah berjuang dari daerahnya ke Samarinda/balikpapan aja sudah berat biaya???›",Negatif
Wahh parah bgt sih tahun ini ????,Negatif
"@ardhi_pandawa kayak S2 diunmul tuntas ga ada yg dapat, soalnya IP saya mentok pun Ndak dapat ????",Negatif
"maaf mas kalau terkesan ngomel, saya cuma menyampaikan pendapat kok tentang sistem penilaiannya. coba diperhatikan kembali begini.. jika berdasarkan penilaian juknis ipk 4.00 akre univ B prodi B itu hasilnya 331,8 yang artinya tidak memenuhi batas ambang. kita ambil contoh si B ga keterima karna kalah sama kampus yang univ A prodi A lebih banyak yang daftar, oke masuk akal. kemudian, coba kita ambil contoh lain misalnya"" mahasiswa si univ A prodi A yang daftar tidak banyak (tidak memenuhi slot) jawabannya si univ B dan prodi B tetap tidak diterima, ya karena dari awal memang tidak mencukupi skoring. pertanyaannya, apakah sebenarnya si B ini benar-benar memiliki kesempatan?""",Negatif
"IP 4.0 akreditasi univ dan prodi B, nda masuk??ý",Negatif
"@indradam_ iya kak, akreditas minimal A kak, bjir bgt????",Negatif
@nbelaaacrs_ naikin skoring sesuka hatii duaarr naik selangit????,Negatif
@deswita.scj kecewa???›,Negatif
"@vandejongh ipk ku 3,92 ga lolos",Negatif
"Aneh banget, ditulis minimal skor stimulan prestasi akademi 310 dan aku 332 tertulis tidak masuk minimal skoring??? Asli freak banget",Negatif
"@vandejongh pengaruhny juga di akreditasi, biar ipk tinggi???Ÿ",negatif
@vandejongh 4 Tetap ga lolos kak????,Negatif
gadapat min ???›,Negatif
"@dovpb turun ke baik sekali atau setara B itu tahun 2023. Di tahun itu anggaran BKT masih melimpah, lah tahun ini malah cuman setengah dari tahun lalu. Ya tetap aja yang ngeselin tuh akred Unmul. Andai masih A atau Unggul, IPK 4 prodi B masih dapat skor 340, masuk ambang batas",Negatif
"kecewa guys, IPK 4 tapi akreditasinya bukan A , jadinya skoring nya ngak cukup",Negatif
"Ya ga gitu juga kali, skoring spek dosen",Negatif
"Kemana yah uangnyaa...jgn???› kok standarnya tiba2 di naikin . Biar sedikit penerimanyaa???""",Negatif
mang boleh min setinggi iniii???›,Negatif
tahun lalu skor nya ga setinggi ini bjirƒ??,Negatif
nih ga ada tahap 2 ya? cape banget,Negatif
"Min sy IPK 4 akreditasi univ B prodi B, Apa memang S2 diunmul memang ga layak untuk dapat beasiswa ???›",Negatif
anjay tinggi banar,Negatif
Setinggi tahta pejabat???,Negatif
@deswita.scj ihhh kak samaa kayak akuu sad bangettt????????????,Negatif
"Di luar nalar manusia skoring stimulan akademik ????, pak / bu kita ini juga manusia biasa, belajar siang malam, ngerjain tugas dll, aktif mengikuti pembahasan dosen, tidak semua dosen memberi nilai A +. Ipk saya 3.89 itu pun penuh perjuangan banyak yang di korban.",Negatif
@angeliaaakp_ khusus yang akre B diminta IPK 5 kali ya ??®œ,Negatif
"Buat skoring sesuka hati,",Negatif
"@muayyub_atreides turun akreditasi masih gak masalah asal batas skornya gak di naikin. Ini sdh tau akreditasi unmul turun, batas skoring malah gak masuk akal.",Negatif
"Anak sy IPK 4 prodi farmasi Unmul, ga msk skor kategori tuntas hedeehh???›???›,parahhh THN ini",Negatif
"Wah gile, mending buka khusus akreditasi A aja deh pak percuma ngejar IPK sampe mimisan juga gak masuk skoring ???",Negatif
emang boleh min skoring setinggi itu???›,Negatif
"""Coba rekening yng ngak bermasalah segerah di salurkan biar ngak numpuk.kayanya sengaja untuk di persulit""",Negatif
"""Cara penilaian nya membingungkan""",Negatif
"""tahun lalu masih dapet kenapa tahun ini gda yaa sedih bgt danany diptong??ý""",Negatif
@______why.me______ cara perhitungannya sudah paling lengkap gitu masih dicurigain? wkwk kocak,Negatif
@jl_leha persaingan tahun ini tu ketat karena anggaran yang dipotong setengahnya,Negatif
Aku ikut dari 22-23-24 ga dpt mulu ??,Negatif
IPK ku 3.88 gk dpt huhu,Negatif
bismillah ajaa hahaha,Negatif
@______why.me______ nah itu dia... Trus pengaduan ini buat yg DITOLAK aja lagi statusnya bukan semua yg gak dapat.. Hadeh,Negatif
Mantap bang ipk 3,Negatif
Sangat disayangkan,Negatif
Ini sudah kalau PJ gubernur ga paham kondisi kaltim,Negatif
Ini pihak BKT ada baca gak sih komentar? Greget dah,Negatif
Coba rekening yng ngak bermasalah segerah di salurkan biar ngak numpuk.kayanya sengaja untuk di persulit,Negatif
Cara penilaian nya membingungkan,Negatif
Apalah masuk rangking ku 5 besar pun ga lolos,Negatif
ya allah sedih bgtt udah berharap dapet ternyata engga,Negatif
Konyol,Negatif
Sedih banget,Negatif
gak objektif,Negatif
tinggi kali skoring th ini,Negatif
wkk skoring kocak ipk bagus buat apa dah kl ga dilolosin,Negatif
Nangis karena sudah nungguin dan berharap bnget sama beasiswa ini tapi malah g lolos udh 2 kali g lolos jujur kecewa bnget,Negatif
Anggaran dipotong karena covid? Mau tanya covidnya tahun berapa sih kok potong anggarannya taun ini wkkwkw,Negatif
kacaw bgt BKT tahun ini,Negatif
lah temen ku. 2 org stimulan ga lolos gegara katanya bukti pembayaran ukt nya salah padahal pendaftaran semester 4 harusnya yg di pake bukti semester 4 juga ga sih lah ini malah ga di terima,Negatif
kasian sih yg ipk tinggi,Negatif
Saya kecewa anak saya tidak lolos padahal meng harap banget,Negatif
gila skoring naik bgt dari tahun lalu buat stimulan prestasi akademik,Negatif
Wah gile,Negatif
@deswita.scj seharusnya sejak awal di juknis bikin aja khusus akreditasi A,Negatif
Aneh banget,Negatif
skoring ketinggian :),Negatif
Padahal butuh banget untuk Tesis,Negatif
@alpatnoor tag PJ gubernurnya ngab kalo KAI ga Ngurush tahun ini,Negatif
@saniah2806 kesel iya,Negatif
kecewa guys,Negatif
@novelfirmanz anggarannya kanda yg di pangkas wkwk,Negatif
duarr skoring setinggi langit,Negatif
anjay tinggi bener,Negatif
sedih min,Negatif
@dovpb sengaja di naikin biar gak dapet,Negatif
Tinggi bnget minn skoringnya,Negatif
Buat skoring sesuka hati,Negatif
@muayyub_atreides turun akreditasi masih gak masalah asal batas skornya gak di naikin. Ini sdh tau akreditasi unmul turun,Negatif
Ipk minimal 3,Negatif
capee,Negatif
Di korup pj,Negatif
SKORING NYA KETINGGIAN. KAMPUS DI BALIKPAPAN NIH AKRED B PRODI B. ANEH PERATURAN NYA KACAU,Negatif
Benar-benar sistem penyaringan dan penyaluran tahun ini membingungkan,Negatif
PJ bobrok,Negatif
tinggiin terossss skoringnya bos,Negatif
"Oh ternyata tenyata dipangkas Ama PJ :)""",Negatif
Ganti gubernur,Negatif
Korupsi ya pak ?,Negatif
Perasaan dulu ga parah banget permintaan scoring nya,Negatif
Skoringnya di naikkan supaya mahasiswa @unmul banyak yg tidak lolos,Negatif
Malam2 anakku telp dari malang menangis dia katanya ngk lolos beasiswa stimulan padahal kampusnya Brawijaya akreditas Abdan nilai skor menyukupi.. malah ada yg di bawah dia malah lolos aneeeh,Negatif
gajelas,Negatif
Pantass banyak ga lolos min dananya kemana aj kmre kmren banyak yg dpt skrng malah dikti banget ternyta jatah nya dikurngin kocakk,Negatif
WKWKWK KOCAKKK,Negatif
skoring nya ngeri,Negatif
Udah upload transkrip nilai plus IPK tercantum malah ditolak dgn alasan bukan dokumen IPK. Org yg verifikasinya ga beres nih,Negatif
kasian banget yang IPK nya 4 pun ngga bakal lolos,Negatif
Sperti gak fair sj,Negatif
Dananya fokus buat ikn,Negatif
Lucu aja sih,Negatif
lawak bgt sih asli ini mah dikorupt wkwk,Negatif
Dapatnya sedikit tapi syarat nilainya tinggi banget,Negatif
Gak jelas seleksi nilai nya,Negatif
Duitnya lagi dibutuh2in bgt buat bayar semester,Negatif
@alpatnoor 3.89 gadapat kah mas?,Negatif
jangan jahat pak/bu,Negatif
Kecewa banget yang ipknya udah bagus tapi akreditas prodi dan kamlus harus A,Negatif
tinggu kali ya skoring nya,Negatif
Ipk 3.64 tp gegara prodi baru naik A malah ga lolos... 3x daftar ikutan ga lolos,Negatif
bela2in pertahanin IPK 4 tetap gk lolos,Negatif
Jadi semua persyaratan sebenarnya untuk akre univ A dan prodi A . biar nilai di atas 3,Negatif
Beasiswa kocak akre B dengan skor 318,Negatif
@itsmayboy emng kocak taun ini aturan,Negatif
Ngeri betul skoring tahun ini,Negatif
skoring diluar nalar.,Negatif
Agak lain sih dari sebanyak itu yg daftar masa ga ada yg lolos satupun,Negatif
Akhhhhhh capeee,Negatif
Ga lolos hhh,Negatif
Skoringnya tinggi banget eh,Negatif
jauh banar naiknya dri pd tahun smlam lah batas nilai skoringnya ckckck,Negatif
ga ngotak skoring stimulan akademik tahun ini..padahal tahun lalu ga setinggi ini,Negatif
sehat selalu buat kalian yg nunda cairkan sampaiý ada yg ambil cuti garaý cari uang terlebih dahulu??,Negatif
ENAKNYA YA DANA RATUSAN MILYAR KEMANA INI BAPAK PJ? PENERIMA TAHUN INI SEDIKIT TP KOK JADI TAHUN PALING SULIT DISALURKANNYA? NYEMBUNYIIN APA INI PEMERINTAH DAERAH???,Negatif
Agak aneh sih BKT tahun ini,Negatif
asliii padahal udah hak kita buat kejelasan beasiswa ini malah diundur terus undur terus udah kaya kita yg ngemisý,Negatif
kayanya cuma di tahun ini yang kaya bertele-tele banget di buat. ga ada guna ngasih tau baik baik berkomentar dengan baik di akun ini,Negatif
Pencairan beasiswa molor akibat kendala di penginputan  SPID RI yang lambat se-indonesia,Negatif
PARAH BGT DARI ADMIN MAUPUN PEJABAT TERKAIT GAK ADA RESPON SAMA SEKALI,Negatif
Kecewa,Negatif
kacau,Negatif
lamanya cair blm juga,Negatif
@divkchska wah gajelas nih pihak bkt,Negatif
keterlaluan sih ini ~ terlalu lama pencairan beasiswa,Negatif
jangan sampai nyalahin orang yg komen 'di korup',Negatif
Drama-ma-ma-ma,Negatif
LAMANYAAA CAIRRRRRR,Negatif
SUNTUK MENUNGGUU,Negatif
grgr transisi gubernur jd gini amat yak bkt perasaan dr tahun kmrn lancar2 aja dan cepet pengumumannya ini telat mulu perasaan dr kmrn hadu hadu,Negatif
BUKAN BEASISWA KALTIM !,Negatif
Lamanya cair woe,Negatif
KOCAK KMRN KATANYA GEGARA BUKTI UKT GA VALID SEKARANG MALAH KHS SAMA KRS YG GA VALID ANEH ANEH AJA KOCAK BKT INI KLO DARI AWAL EMANG KHS YAA BILANG KHS JANGAN BILANG UKT KOCAK DIHH GINI AMAT,Negatif
Haduh,Negatif
KENAPA DIPANGKAS ANGGARANNYA !?,Negatif
kocak kocak kocak,Negatif
aneh,Negatif
@salsashawbie MASI KESEL BGTT ARSGGGSHH,Negatif
Sedih sih berharap dapat tahun ini,Negatif
kocakkkkkk,Negatif
SONTOLOYOOOO,Negatif
Kocak ae,Negatif
@sptrakyyy Kecewa sih masa Ipk4 ga lolos nilai skoring mencukupi,Negatif
Menurut saya aneh sih,Negatif
@nadimass_ ini sama saja memberi harapan palsu pada orang yang memiliki ip tinggi namun univ dan prodi nya memiliki akreditasi B,Negatif
bilang aja si anggaranny dipotong ribet bgt,Negatif
pangkas,Negatif
Kasus mennnn @drdlckkk_ @ndraa_pa,Negatif
@nadimass_ NAH emang sengaja itu dibuat batas skoring dadakan wkwk,Negatif
Provinsi penyumbang APBN terbesar masa dana anggaran harus di pangkas 40% sama PJ Gubernur. Pergi kemana 40% dana tersebut dan kalian diam tidak minta transparansi @bem.polnes @bem.fkunmul @AllMAHASISWAKALTIM,Negatif
EMANG ANEEHHHH,Negatif
Program beasiswa kali ini sungguh MENGECEWAKAN DAN LUCU. Tidak sesuai dengan standar juknis yang di berikan. Yang mana dalam juknis memiliki standar bobot lPK 3,Negatif
niat ngasih beasiswa koq keakehan etek,Negatif
ANGGARAN DI POTONG TUH KARENA APAAN ? BUKANNYA DI TAMBAH,Negatif
Halah Halah PJ Abal abalan,Negatif
Ankku sd aj ga dpt pdhl sdh berharap,Negatif
lagian dana untuk pendidikan kenapa dipangkas dah kocak ni pemerintah,Negatif
halah halah halah,Negatif
halah,Negatif
kocak,Negatif
Di persyaratan sekalian kasih tau salah satu akreditasi prodi atau akreditasi fakultas harus A,Negatif
Mau ngeluh ga dapet,Negatif
Karna anggaran sdh di pangkas sbesar 50 m,Negatif
Kasiannya mahasiswa yg mt2 an bljr,Negatif
Makin susah,Negatif
Benerý kecewa,Negatif
Baiyuhh lamaneeee hedehhh,Negatif
kecewa banget,Negatif
sesekali boleh nih dilirik @official.kpk mulai dari pemangkasan dana,Negatif
uang mahasiswa jangan dipake kampanye wal udh potong anggaran malah makin lama kacau,Negatif
Kpd Yth tim beasiswa kaltim @beasiswakaltim. Kami butuh biaya utk perkuliahan. Kami kecewa krn selalu di janjikan tgl sekian cair,Negatif
HAHAHAHAH KASIAN BANGET DI PHPIN KITA SEMUA @febri20s,Negatif
@yourloveer1 Menjengkelkan,Negatif
kacau lama betul,Negatif
bujet lama bangeeet,Negatif
ang ang ang ang lamanya,Negatif
spam komen ges biar cair beda bgt ini sm tahun lalu bahkan tahun lalu 11 hari setelah pencairan sdh ada hilal ini hampir sebulan gk ada juga kabar apa apa haduhhhhhhh gmana sih ini,Negatif
Lama nya bah min astga,Negatif
Sia sia ku berjuang....,Negatif
bilang aja anggarannya dipotong,Negatif
GAUSAH PENJELASAN ini itu potong ini itu dll,Negatif
Scam kah ini,Negatif
lama bgt ini cairnya ;(,Negatif
capek juga bolak-balik ngecek,Negatif
"Min tahun sebelumnya seminggu setelah pengumuman sudah cair kenapa ini sebulan dari pengumuman belum ada tanda"" cairr ya??pengumuman lambat 2 Minggu dari jadwal yg d tentukan di tanggal 31 Agustus masa iya pencairan lambat lagi sebenarnya dana ini ada atau engga udah di pangkas 50M masa iya di lambatin lagi",Negatif
Tag JP gubernur lambat betul pencairan,Negatif
percuma juga lolos gak skoring,Negatif
anggaran sebanyak itu kenapa pake di pangkas,Negatif
@jmlvym iya anjay lama bgt sempat tahun baru ni,Negatif
@ahmadmukhallishaqidihasmar lagi dan lagi di PHP in :',Negatif
"Rasulullah-shalallahu 'alaihi wa sallam- bersabda. Barang siapa yang menyulitkan (orang lain) maka Allah akan mempersulitnya pada hari kiamat"" (HR Al-Bukhari no 7152).""",Negatif
kocak kalian lucu banget kebanyakan alibi tau gak,Negatif
Sedih bet,Negatif
betul bener2 kelewatan ini panitia,Negatif
Brng siapa mempersuliy hidup org mudhahan hidupnya dipersulit sesulit sulitnya,Negatif
Behbehh lamanyaaaaaaa,Negatif
@blueberrypizs ya sbnrnya aku jg kecewa sama pihak bkt,Negatif
lama bgt dah udh hampir mau pergantian tahun,Negatif
 pasti jawaban gini juga hadehhh,Negatif
"di gantung bener2 loh yg belum cair ini"";""8408424937"";""alzulzen""",Negatif
" tapi sudah satu bulan gada balasan dan di anggurin???? ayo min SALURKAN dan KASIH KEJELASAN kasian teman teman yang gapunya wewenang dan bingung untuk bersuara karena beasiswa yang tidak kunjung cair dan alasan yang sangat amat tidak jelas??"";""7162947291"";""gain.archives""",Negatif
" kok bisa sekacau ini sih penyalurannya?"";""7744278467"";""czrina92""",Negatif
"di anggurin 1 minggu lebih gimana mau ngadu"";""26833723789"";""fawwaz.sage""",Negatif
" berasa ngemis ngemis padahal ini hak kita"";""55654764123"";""alstoniarobi""",Negatif
" ini hak kita padahal. Ga jelas"";""55654764123"";""alstoniarobi""",Negatif
" ini bener bener harus didemo sih. Kalau demo kemana gitu ya kita datengin aja rame rame duh kesel banget"";""55654764123"";""alstoniarobi""",Negatif
" capek tau lah nunggu yg ga jelas gini."";""55654764123"";""alstoniarobi""",Negatif
" ga jelass"";""55654764123"";""alstoniarobi""",Negatif
"  sekarang ribet dan lambat"";""3085738549"";""ita.yulian""",Negatif
" udah ngemis ngemis segininya tapii masih aja. Padahal ini hak kita"";""55654764123"";""alstoniarobi""",Negatif
" kacauu ga cair cair"";""55654764123"";""alstoniarobi""",Negatif
" ga amanah bangett"";""23081563861"";""k0dongg""",Negatif
"@eivannlilje dlu akre B aku lolos ka, pas akre turun C asliiii ga kaget gak lolos aowwkok",Negatif
"@deswita.scj seharusnya sejak awal di juknis bikin aja khusus akreditasi A, jadi kita ga ngambil tuntas, atau bahkan ga ngurus beasiswa kaltim tuntas. Mending urus beasiswa kukar idaman kemaren",Negatif
"Ipk standar jangan ngarep, ini skoring khusus cumlaude????",Negatif
Padahal butuh banget untuk Tesis???,Negatif
Yaa ampunnn skor aku beda 10 doanggg,Negatif
Waduh skoringnya tinggi kali,Negatif
"sedih min, padahal butuh sekali untuk dana skripsi ???›",Negatif
"ipk 4.00 tapi ga lolos kaltim tuntas soalnya akre univ B akre prodi B, kalau memang begitu seharusnya ketentuan awal dijelaskan bahwa akre minimal harus A atau salah satu A biar sistem penilaian lebih fair :)",Negatif
@dovpb iya kak gak layak setelah Unmul turun akreditasi. Nyesel gak sih lanjut di sini? Wkwkwkw,Negatif
tahun lalu masih dapet kenapa tahun ini gda yaa sedih bgt danany diptong🥲,Negatif
Tahun lalu anak saya dapat tp qodarullah tahun ini gak. Padahal ikut jalur hafizh tp tahun ini diseleksi jg berdasarkan nilai 🥲,Negatif
Sampai skrg kok belum cair ya 😢,Negatif
Pj cuman umbar janji doang.,Negatif
Masih bingung dgn cara penilaian nya🙌,Negatif
Cara penilaiannya gmna ya? anak sy nilai tertinggi dikelas tetapi gk lolos. sdgkan nilai yg dibawahnya bisa lolos 😢 . sangat gak masuk akal @beasiswakaltim,Negatif
Bingung 😕,Negatif
ciss dlu yg g lolos🙌,Negatif
Skoring diluar nalar ini sudah😢,Negatif
tinggi amay nilai skorsingnya udh kek nyari spek mantu😌,Negatif
sad tipis 😭,Negatif
Skoring nya kacau banget 👎,Negatif
@nbelaaacrs_ naikin skoring sesuka hatii duaarr naik selangit🤨,Negatif
Ini ndak ada alasannya kh knpa bisa setinggi ini skoringnya dah dftr 2 kli berhrp thn ini dpt malh gak dpt hedeh😢,Negatif
Tinggi seperti harapan orang tua. 🙌,Negatif
IPK 3.7 ga lolos alasannya karna data ga valid awoakwk kocak pdhl jelas disitu datanya asli semua yang di scan😏😏,Negatif
skoring nya setinggi harapan mamakku min🔥😌,Negatif
Gk lolos 🥺,Negatif
Wahh parah bgt sih tahun ini 😂,Negatif
Mang boleh min skoring setinggi itu😢,Negatif
@deswita.scj kecewa😢,Negatif
Tahun lalu 25 deh minimal skoring nya☹️,Negatif
"Kemana yah uangnyaa...jgn😢 kok standarnya tiba2 di naikin . Biar sedikit penerimanyaa👏""",Negatif
mang boleh min setinggi iniii😢,Negatif
tahun lalu skor nya ga setinggi ini bjir…,Negatif
Setinggi tahta pejabat🌝,Negatif
Di luar nalar manusia skoring stimulan akademik 😂,Negatif
"mending juknis dirombak KHUSUS AKREDITAS A""""",Negatif
@angeliaaakp_ khusus yang akre B diminta IPK 5 kali ya 🫣,Negatif
@saniah2806 waduh seharusnya kemarin saat buka pendaftaran unmul  jgn dimasukan kategori aja kalau begitu😂,Negatif
"Mau IPK mu 4 kalo akred kampus/prodi mu lain A kubur jauh ekspektasi mu sod 🤣🤣""",Negatif
Padahal butuh bgt buat skripsian😢,Negatif
siapa yg menjadi prioritas beasiswa???apakah putraputri kaltim?? kuliah dikampung sendiri aja ngga bisa dpt bkt….bgmana dg anak asli kaltim dari kab/kota yg kuliah di unmul,Negatif
YG GA TERIMA 👉,Negatif
rupanya anggaran dipotong pj😂,Negatif
oh ternyata dananya dipotong dari 250M jadi 200M ama PJ🙄 oh gitu ya...,Negatif
dananya dikorupsi 👏,Negatif
kerjaaan syapa sih ini😤😤😤 @nadiemmakarim  tolong bapak di tinjau ini ada apa gerangan beasiswa judulnya tapi ya gitu,Negatif
ADMINNNN AAARRGGG NANGISS BNGT BUTUH BUAT SKRIPSI 😭😭,Negatif
🖕🏻🖕🏻🖕🏻🖕🏻🖕🏻scam,Negatif
@alpatnoor itu sudah tahun sebelumnya aman aja kenapa kah tahun ini kada beres untuk persyaratan masi sama kenapakah kada lolos 😌,Negatif
@fionadika dananya di sunat buat IKN🤣,Negatif
@firlyannda @vitriaa24 ah udh ga kaget knapa skoringnya setinggi ini wkwk ytta 🥴,Negatif
skoring nya tinggi banget min 😢 kecewaa 🫠,Negatif
Apa gunanya min di kasih minimal nilai IPK klw begini hasilnya😢 sakit hati bgt sama skoring,Negatif
Skoringnya gak masuk akal.. brp jumlah total penerima beasiswanya nih min? Jdi penasaran beneran ada yg terima gak klo gini? Atau yg terima malah ternyata gak sesuai persyaratan ups 🤭,Negatif
Hidup di negeri konoha gini amat ya allah😢,Negatif
Kayaknya ngk usah aja skalian buat program beasiswanya😂,Negatif
Beasiswa khusus akreditasi univ dan prodi A ini mah🤣🤣🤣,Negatif
eek,Negatif
pantek,Negatif
@almuzakii @xbuzz46 modal ipk pas2an sama akre prodi c mau berharap apa guys,Negatif
TOLONG JELASKAN SASARAN TARGET TUJUAN BEASISWA KALTIM TAHUN INI ITU SIAPA?,Negatif
menyala uang bpkku untuk penelitian kalo kaya gini🔥😢,Negatif
anak sy score jg tinggi IPK 3.8 Krn masukan biaya ukt dgn yg d upload beda 2000 pdhal itu biaya admin bank...smoga msh BS d sanggah Krn score masuk hanya d tolak Krn TDK sama biaya ukt dgn  bukti trf,Negatif
@wiiokta banyak yg protes ternyata well,Negatif
@nia_.041 wkwkwk sedih,Negatif
sehat selalu buat kalian yg nunda cairkan sampai² ada yg ambil cuti gara² cari uang terlebih dahulu🙏,Negatif
Mungkin bapak @presidenrepublikindonesia @prabowo bisa membantu mempercepat pencairan beasiswa ini pak.. dengan hormat pak mungkin kami curiga ini cuma alasan aja banyak rekening yg masih salah hami curiga dananya di selewengkan 😂🔥🔥,Negatif
Viralkaan🔥🔥 curiga dananya di pake untuk kampanye 😂🔥🔥,Negatif
udah pasrah mo cair kapan aja terserah dah udah terlambat bayar ukt dan lanjut tesis 🙄 terima kasih harapan palsunya semoga yang menghambat rejeki org yg banyak ini di mudahkan segala urusannya,Negatif
asliii padahal udah hak kita buat kejelasan beasiswa ini malah diundur terus undur terus udah kaya kita yg ngemis²,Negatif
Menunggu yang tidak pasti🥲,Negatif
The real menunggu tanpa kepastian disaat membutuhkan 🥲🥲,Negatif
@ferdidwiariyanto SONTOLOYO🔥🔥,Negatif
@firhan.hnf unmul banyak g yg dpt tahun ini gara2 akre B padahal mah emg anggaranny doang yg dipotong kocak 😂,Negatif
ini bknn beasiswa prestasi tp beasiswa kampus prestasi😂,Negatif
Ini mah biaya siswa akreditasi kampus bukan biaya siswa prestasi 👏 ...,Negatif
Semakin berat 😢,Negatif
Jadi intinya akreditasi PT “B” dan prodi “B” gaberhak dapat beasiswa ya walopun ipk 4,Negatif
lah kocak 😂,Negatif
kecewa berat😢,Negatif
cari pembelaan kah ini min 😢,Negatif
Nangis banget aku ga lolos verifikasi administrasi grgr ga mencantumkan transkrip nilai. Padahal dokumen yang aku cantumkan udah dari kampus seperti itu dan emang itu transkrip nilai😭 ga ngerti lagi sih,Negatif
bertahun tahun ga pernah dapat yaallah😭🙏🏻,Negatif
Potongan berkedok scoring @stvrlightt__.d 😂😂😂,Negatif
Isis minim bilang aja kalau anggaran nya di kurangin 50M😢,Negatif
"Sudah di tunggu tb"" ttp aja di suruh nunggu gini hedeh😇😇"";""65079360375"";""adictraaaa""",Negatif
Bener² kecewa,Negatif
Di PHP-IN 😭😭😭,Negatif
SCAM Berkedok BEASISWA😂,Negatif
APALAHH LAMA BETT PENCAIRANNYA 😭,Negatif
Php in terus nd cukup sabar kah kami ini 🫠,Negatif
Kasih sampe setahun aja min nanggung udh sebulan😭,Negatif
Ada yang sdh chat admin bkt-ny gak yg tertera di bio? Ini sick banget gak ada announcement ¯⁠\⁠_⁠ಠ⁠_⁠ಠ⁠_⁠/⁠¯,Negatif
cape njir tiap hari berharap😂😂😂,Negatif
Terombang-ambing hidup mahasiswa pak 😂😭,Negatif
@sptrakyyy setujuuuu😭 rasa gaa di dukung pemerintah ihh sedih nyooo,Negatif
Kacauuu💔,Negatif
Yg bener kk 😭😭udh capek bgt nunggu ini sumpah mau nangis,Negatif
Min tolong min bantu tanya kapan beasiswa kaltim ini cair @gerindra udah mau akhir tahun nda ada kepastian,Negatif
sudah di titik pasrah 😢 semoga bapak ibu yg mengurus terkait dana beasiswa yg selama ini cuma diam tanpa ngasih kejelasan,Negatif
@disdikbudkaltim gimana ini sudah banyak yang nunggu pencairan tapi pengelola bktnya hilang seakan akan ditelan bumi,Negatif
"@_rasyaramadhannn katanya kan se-Indonesia"" Provinsi lain bisa cepat dan tepat kenapa kita engga? 😂😂""",Negatif
Lama baget gk ada kabar nih besok klau blum ada kepastian demo aja kali ya,Negatif
@prabowogibranmenang1 @grindra_dpc_okut tolong dong cek kan neraka yg pengurus beasiswa ini pak kami anak2 mahasiswa akhir sanggat membutuhkan. Panitianya tidak ada merespons sama sekali pak tolong tolong tolong tolong tolong tolong tolong 🥺🥺,Negatif
"setiap hari selalu bolak balik ksini buat ngecek apakah ada komenan UDAH CAIR GAIS"" wkwkwk msi mnunggu lo ini🙏🏻 ketawa smbil nangis aja suda hak uang mahasiswa kada cair cair ini""",Negatif
astagfirullah,Negatif
haii pakk kami menyampaikan suara kami di kolom komentar ini tetapi satupun tidak ada respon. bagaimana masalah bkt ini pak,Negatif
gapernah sampe komen. tp ini udh kelewatan. lama bgt pak bu😢saya butuh uangnya buat ambil data penelitian tesis juga. mohon dengan sangat disegerakan pencairannya,Negatif
Tolong pak @prabowo pak @gibran_rakabuming @gerindra @fraksipartaigerindra  maaf saya tag ya pak.. karena sudah lama kami menunggu pencairan beasiswa ini.. kami sangat membutuhkan untuk biaya pendidikan kami pak🙏🙏,Negatif
daripada ngespam komen disini gbakal digubris,Negatif
Mantapnya wa nya centang 1,Negatif
@gerindra @gerindra_samarinda @fraksipartaigerindra @prabowo @gibran_rakabuming gimana ini pak? Tolong diusut tuntas aliran dananya pak,Negatif
@_rasyaramadhannn katanya lambat se Indonesia tp buktinya beasiswa di kaltara udah dari lama cair klo emg bermasalah seluruhnya ya yg disana ga cair jg sm kaya disini,Negatif
@radennriskii sudah 3 minggu lewat blm ada,Negatif
ini gimanaa pakk sebanyak ini komentar tetapi satu pun gaada yg direspon. tolongggg pak diusutt sampai tuntas @prabowo @gibran_rakabuming @isran.noor.official @official.kpk @hadikaltim68 @disdikbudkaltim,Negatif
Ya Allah ya Allah minnn kapannn🥹 aku butuh bgtt,Negatif
@tribunkaltim @busamid tolong dong min gubriskan ini ke medsos untuk membantu mahasiswa yg kurang lebih satu bulan lebih ini tidak ada pencairan karna bisa di dahulukan untuk yg sudah memang benar” jelas tidak bermasalah untuk nomor rekening kasian mereka,Negatif
bagaimana dengan anggaran bkt ini pak? ini sudah awal bulan tetapi sama sekali belom ada hilalnya permasalahan pencairan dana bkt ini. banyak mahasiswa yg menunggu dana pencarian ini pak untuk keperluan pembayaran ukt yg sudah menunggak,Negatif
KAPAN CAIR SIHHH HERAN LAMA SEKALI,Negatif
setelah tanggal 30 nanti apalagi ya alasan untuk menunda pencairannya🤔,Negatif
@prabowo  tolong dong pak admin @beasiswakaltim tidak mempunyai paket internet sehingga tidak dapat memberittahu dan memberi kejelasan mengapa pencairan BKT msih ditungda smpe skrng. 😍,Negatif
@prabowo @gibran_rakabuming @gerindra pak tolong diusut pak lama sekali pencairan beasiswa 🥹,Negatif
@gerindra tolong beritau prabowo tentang pencairan dana yg tidak ada titik terangnya,Negatif
@beasiswakaltim tlong dongg kapan cairr kami mahasiswa butuhh banget ini,Negatif
Pak @prabowo pak @gibran_rakabuming  tolong na pak di tindak .. sampe kapan kayak gini terus pak😢😢😢,Negatif
@yahis.id @gerindra tolong min sampaikan ke pak prabowo dana tidak cair” entah keman bnyak bujur alasan sidin,Negatif
Tolong di selidiki @ombudsman_ri_kaltim,Negatif
YAllah,Negatif
MINIMAL DANA YG SDH HOLD DI REKENING DICAIRKAN SIH,Negatif
"Udah hari senin lagi🥰 masuk minggu ke tiga setelah adanya kalimat minggu ini pencairan""😍😍""",Negatif
"Tolong dong media media yg kemarin memberitakan minggu ini pencairan"" Coba pang temu dan wawancarai lg tuhh mana yg katanya ""minggu ini pencairan""?? WKWKWK KOCAKK""",Negatif
Nanti setelah tgl 30 apa tunggu sebulan lagi kek kemarin😭😭capek nah sumpah,Negatif
woi mana ni tim bkt sama sekali gada muncullll,Negatif
Pdhl jelas ada anggaran masing2 kan gaada itu satu anggaran ngadet karena ada anggaran lainnya. Kecuali mmg ada permainan,Negatif
Hati hati loh min prabowo sma jaksa agung lagi memburu dana yg bermasalah,Negatif
asli knp tega bgt 😭,Negatif
tolongg beasiswa ini secara transparan,Negatif
spill dong nama penerima 49 orang yang bermasalah ituuu supaya transparan. apa betull mereka yang bermasalah di rekening atau kalian yang bermasalah ken duitnya udah ga ada mknya akal akalan supaya diundur.,Negatif
pak kami sangat minta tolong untuk di respon dan dibantu untuk transparan masalah beasiswa bkt ini @prabowo @gibran_rakabuming @isran.noor.official @hadikaltim68 @official.kpk @disdikbudkaltim ribuan mahasiswa yg sangat bergantung kepada bkt ini tetapi satupun belom ada kejelasan,Negatif
@amaliawulandr_ sumpah cape bgt nunggunya,Negatif
Minimal dibales lahh min ini ribuan orng yang nunggu beasiswa yang gk tau kapan pastinya cair jangan cuman diam aja,Negatif
mana kok ga cair cair iniii wakk,Negatif
@yayaaliyyaa Alasan di website itu menunjukkan bahwa kinerja tim BKT sangatlah lambat,Negatif
@hooniebby_ PASTI ADA SESUATU SIH YG DITUTUP2 I WKWKWKWK LOGIKANYA GK MUNGKIN SELAMA INI KALO CUMA BEBERAPA REKENING BERMASAH,Negatif
pemerintah bakalan diam kalo tidak di demo,Negatif
@mchtl_tte kalo gitu harus tindak lanjut sih kita sebagai penerima kalo bisa deko sekalian soal transparansi pencairan,Negatif
WOI KALIAN YG NGURUS @beasiswakaltim MIKIR GA SIH SAMA MAHASISWA YG MEMBUTUHKAN? KENAPA KINERJA KALIAN KAYA KURA-KURA. PENCAIRAN LAMA SEKALI PROSES NYA,Negatif
coba spill pengumuman di web ke ig ini min kok ga berani spill min  ada apa gernagannya,Negatif
4 kata lucu : bakal cair minggu ini 😍,Negatif
amanahnya ya,Negatif
@febri20s @gerindra @prabowo @prabowo.gibran2 @gibran_rakabuming tolong bapak ini diusut,Negatif
@grcemzri mohon izin ibu @hetifah suara kami diaspirasikan ke gubernur,Negatif
kapan… cairnya… YA ALLAH,Negatif
Ada yg bisa ngelacak kah ni pj sama admin bkt,Negatif
MIN TAHUN LALU TTP DICAIRKAN LOH KALAU ADA YANG SALAH REK KAN BISA KLOTER 2 KAN GA ADA JUGA TUH TAHAP 2,Negatif
beasiswa harusnya sudah cair dari bulan lalu smpe skrg masi alasan perbaikan rekening wahh kacau nih @official.kpk,Negatif
ada yang sampai gadai emas,Negatif
pak/bu saya mahasiswa yang berkuliah luar pulau jauh dari keluarga sangat bergantung dengan dana beasiswa 🙏 ini sudah akhir bulan dan tidak ada kepastian,Negatif
Ini serius penundaan pencairan beasiswa hanya karna 49 mahasiswa yg perlu perbaikan rekening ? Dulu-dulu pencarian ya pencarian aja perkara yg gk bisa dicairkan karna rekening bermasalah itu ya diurus berbarengan dengan proses pencairan atau diakhir untuk dibuat pengumuman lebih lanjut,Negatif
Ngk logis masa dari tgl 20 sampai sekarang masih rekening bermasalah terus baru ad pengumuman di web ada perbaikan rekening tgl 22 sampai 30 lgi selama tgl 20 sampai sekarang ngapain,Negatif
Dipake jalan2kah duitnya ini,Negatif
"Waktu perbaikan pada tanggal 23 Oktober 2024 sampai dengan 30 Oktober 2024"" secara gak langsung cairnya bulan depan nih? Yang gak bermasalah rekeningnya didahulukan cair dong",Negatif
ADMIN NYA MAU DI DOAIN YG JELEK² KAH SATU KALIMANTAN NI??? akal²an aja njir bilang bnyak yg belum perbaiki akun.. preettttt,Negatif
Tolong aja na pak di tindak segera ini na ... @prabowo  @gibran_rakabuming  mau sampe kapan kayak gini trus pak😢😢 sebulan lebih dr pengumuman tapi belum cair juga pak😢😢..,Negatif
Perbaikan dijadikan alasan biar ga cair cair 😂😂,Negatif
KOCAK KOCAK,Negatif
@rinda_fergiawan nunggu  imam Mahdi turun,Negatif
cie admin gk mau login ig tpi muncul d website ihiyyyy 🥰💗,Negatif
lucu kalian kok bisa baru muncul perbaikan rekening mahasiswa lagi dari kemaren kemana aja bos jangan dipake depo duitnya ngurus beasiswa aja gabecus,Negatif
"cair minggu ini"" part kesekian😹""",Negatif
LAMANYA CAIR ASLI,Negatif
@febri20s yg bikin geramnya itu calon penerima udh nunggu sebulan lebih pasca pengumunan terakhir hasilnya cuma memaparkan untuk perbaikan rekening bagi yg salah sampe akhir bln oktober,Negatif
kan sebelumnya sudah perbaikan kenapa perbaikan rekening lagi,Negatif
@meckr_e harusnya khusus yang bermasalah rekeningnya aja,Negatif
@mchtl_tte setuju kasian kita yg dari awal tidak ada kesalahan dalam pengisian berkas,Negatif
@nanaaqween itudah malah di suruh nunggu yang rekening salah,Negatif
apa sih fungsi sebenarnya akun ini cape banget,Negatif
minimal kasih kabar lah kasih update an terbaruuu kasian yg dapat ni kena prank mulu kapan pencairan nyaa😅,Negatif
@tribunkaltim tolong dong di jadikan berita tidak ada kepastian dan kejelasan bkt tahun ini,Negatif
Cairkan secepatnya,Negatif
cair minggu ini apa minggu tahun depan min,Negatif
@beasiswakaltim  Harus nunggu sebulan yaa untuk tau kalau rekeningnya ada ynh masih bermasalah🙌. Kenapa tidak dari minggu lalu diberitahukan. Kenapa diakhir web juga tidak diberikan penjelasan kapan pencairan dilakukan🙌,Negatif
@sholehsbrn__ aihhh kecewa penonton lamaaa betolllllll,Negatif
@nina.061094 pak presiden @prabowo..kasihan pak anak2 sekolah dan mahasiswa di kaltim yang udah lolos beasiswa..tp tidak ada tanda2 pencairan dananya pak..😢😢,Negatif
Bisa gak sih beberapa rekening yang bermasalah itu belakangan aja urusannya,Negatif
@ahmadmukhallishaqidihasmar mas barusan ada info terbaru lg di website BKT..ttg perpanjangan perbaikan no rekening hingga tgl 30 oktober lg..😪. Dibohongin aja berarti calon2 penerima sm tim BKT dari 2 minggu yg lalu ,Negatif
LAH KOCAKKKKK KENA PRANK MULU 😭,Negatif
Kapan nih pencairannya😭 gada titik terang,Negatif
@beasiswakaltim kapan nii pencairan udah lama loh nunggu,Negatif
@tuty_1909 hanya 49 nama yang ada kendala namun berdampak ke semua 🤌🏽,Negatif
tinggal ngasih info masih dalam tahap perbaikan rekening aja susah banget,Negatif
@mchtl_tte sungguh down pas baca penguman di web ny,Negatif
@ahmadmukhallishaqidihasmar itu suudah....lamanya jeda infonya kan udh sebulanan yg lalu bahwa tutup perbaikan rekening...😢. Kebingungan cari alasan aja nih tim BKT...😪,Negatif
Kepada pihak BKT yng terhormat.kenapa harus menunggu perbaikan keseluruhan rekening baru bisa di salurkan.coba yrek yng aktif itu langsung di salurkan saja,Negatif
Cape banget kena harapan palsu ,Negatif
Janji manis Minggu ini bakal cair,Negatif
Alhamdulillah guys setelah penantian panjang dan 1k coment akhirnya ada info terbaru di web yaitu perbaikan rekening sampai akhir bulan,Negatif
Minggu ini cair ❌️ ,Negatif
@mchtl_tte bujur koler banar ni pihak BKT,Negatif
tolong admin @beasiswakaltim kasih kami para calon penerima ini kejelasan,Negatif
@andrekhg Bang andre tlg bantu up beasiswa kaltim yang smpe saat ini blm cair  infonya pencairan d mulai tgl 20 september smpe saat ini sdh 1 bulan dan byk yang comment hampir sribuan smpe skrg belum dpat info kelanjutan untuk pencairan pastinya kapan kas,Negatif
@kaltimtoday.co @beasiswakaltim @info_kubar @info_balikpapan tlg bantu kawal pencairan beasiswa kaltim yang sampe  skrg belum ada kabar kepastian lebih dari 1000 comment isiinya smua menanyakan pencairan pastinya kapan tapi tidak ada tanggapan sama sekali,Negatif
@piliangkemal  tolong dong pak infotmasinga udh satu bulan lebih biasanya tidak selama ini lak🙌,Negatif
"temansemua komen aja di instagram pj gubernurnya @piliangkemal aktif ignya siapa tau ada inisiatifnya kasih kejelasan""",Negatif
@mchtl_tte buat aja biar ramean nanya kesana emang susah kalau gak di paksa keknya di tahan mulu,Negatif
dikira kh hidup ga butuh biaya apalagi perantaun yg penuh harapan bgni,Negatif
ayo cair lah butuh biaya kuliah ini,Negatif
selamat pagi admin jangan lupa beasiswa kami yh utk segera d cairkan 😁🤍,Negatif
"2 kata terlucu tahap penyaluran"". Bahkan satupun belum ada yang menerima sejak kata-kata itu keluar. Keluarkan kalo memang itu haknya anak-anak dan anggarannya memang sudah adam jangan sampai nunggu akhir tahun pas mau penutupan buku. Bahkan websitenya juga ga bisa dibuka sejak seminggu yg lalu.""",Negatif
@ahmadmukhallishaqidihasmar Aku bantu panggil presiden yg baru dulu ya...pak @prabowo ....tlg bantu suara2 kita yg dicuekin sm tim beasiswa pak.. kalau perlu diusut pak,Negatif
@donrachman8 buat dulu grup baru kita aksi,Negatif
Ayok kita buat grup terus demo guys biar di notice,Negatif
bah lawasnya pang😭,Negatif
@its.nanagf capek banget kak,Negatif
@lxljdrvvjhfbbhh langsung demo aja,Negatif
Pliss dong Bkt kpn cair 😭,Negatif
@lailaaaaaaaa___ menunggu itu sangat sakit sama seperti sikap dia wkwk,Negatif
YA ALLAH....,Negatif
Butuh kepastian kapan pecairan,Negatif
@awassetan_ bikin barner besar aja sih gantung di flyover air hitam,Negatif
Plis kapan cair,Negatif
@dianitaapril.lia nt lagi😢,Negatif
"3 kata lucu cair minggu ini"" 😂""",Negatif
@beasiswakaltim kepastian cair stimulan kapan min? Tahun kemarin cepat loh,Negatif
harapan oh harapan,Negatif
@febri20s penasaran apa lagi ya alasannya🤔,Negatif
mana ini katanya di berita cair minggu ini ga kunjung muncul hilalnya hadu,Negatif
Menyala @beasiswakaltim kuhh php lgii🔥🔥,Negatif
Serius ini nunggu viral dulu kah baru cair min😢,Negatif
Menunggu sesuatu,Negatif
Perlu aksi sih ini kalo memang belum ada kejelasan dan kepastian,Negatif
Yang ngisi sanggahan mnkin sdah berhenti berharap apalgi parah nya bnyk sanggahan yg tidak ada balasan seperti apa itu min @beasiswakaltim 🔥,Negatif
ADMIN YANG TEHORMAT MOHON DIRESPON SEGERA KELUHAN PARA MAHASISISWA,Negatif
ngirim sanggahan gaada balasan samsek,Negatif
@beasiswakaltim anda lucu,Negatif
Menyala,Negatif
Bisa yok min login akun ig nya,Negatif
Kapan cair yg stimulan lama nya kak,Negatif
Ini yg bener setelah 20 September atau 20 Oktober min pencairan🤭🤭,Negatif
Harus di hate comment dulu kah ini baru admin nya log in,Negatif
@hooniebby_ info kantornya gak sii biar demo😭😭,Negatif
Udh hari terakhir dari yg di jadwalkan pencairan pekan ini tapi belom menemui titik terang 👀,Negatif
Udah seribu lebih komen ndada jg tanggapan atau informasi,Negatif
@ersansandi12 tahun lalu bulan ini sudah tahap 2 seharusnya,Negatif
Sebenarnya beasiswa ini bakal cair gak sihh? Kenapa adminnya memilih diam,Negatif
Ini kapan ya kaltim tuntas cair dah mau sebulan belum ada kejelasan,Negatif
@amlyarsky31 up @beasiswakaltim komen mau tembus 900 tapi blm adakah keinginan untuk setidak nya kasi info gt min,Negatif
@yourloveer1 harusnya kalo udah ditulis setelah tanggal 20 pasti sudah ada yg menerima tiap tiap bank bertahap tapi ini kok rata semua belum ada cair ya hehee,Negatif
ini serius kita semua diginiin? yang bener ajeeee😔,Negatif
@yourloveer1 berati gada tranparansi dong pihak bkt masa gaada kejelasan sama sekali sampe bulan ini hadehh,Negatif
lawasss banarrr😭,Negatif
pencairan beasiswa terlama gak sii ini? ini serius gak ada info apa-apa kapan dicairkannya?🥲 katanya udah mulai dari tanggal 20 kemarin,Negatif
udah satu bulan nih,Negatif
kapan cairrr minnn kasian na temenku gda uang suda buat bayar ukt🥹 @tiaradwiiv_ @inttanmursantii @faraahqonita,Negatif
info ni bkt buat bank kaltim lama betul,Negatif
Tolong aja ya...tim yang menangani beasiswa kaltim ini. Kenapakah tahun ini lama banget pencairannya...? Ada apakah gerangan..? Kalau mmg udah ada dananya..ya udh harusnya kan udh mulai proses di bank2 calon penerima...,Negatif
4 Minggu masi belom ada info pencairan 🥱,Negatif
Knp harus dihitung bgtu bagaimana nasip ank yg miliki ekonomi rendah tapi ga masuk batas skoring 😢😢 mau ga mau harus banting tulanggg contoh ya ky saya😢,Negatif
@faa_3.1 adminnya dr kmrn ngomongnya gini trs tp smpe skrng blm ada kepastian,Negatif
YaAllah kira kira kapan yaa cairnya,Negatif
@sholehsbrn__ cape bngt yuyurrr,Negatif
@suciuswatun_ mau 1 bulan kak semenjak pengumuman tgl 13 september kacau heh,Negatif
at least kasih kepastian min cairnya jangan ngegantung gini,Negatif
Ada apa dengan pencairan tahun ini? Tahun kemarin cepat banget,Negatif
2030 kh baru cair ini awwahh,Negatif
@oscarz_yericho dana nya gak ada kali atau dipakai dananya😂,Negatif
@wiwin86.wiss waduh dipake kampanye apa gmn tuh,Negatif
lawas banar ni cairnya jgn jgn buankm pake buat kampanye ni uangnya,Negatif
@renraidennn nunggu pilkada selesai kayaknya ni beasiswa baru cair🫠,Negatif
kok makin kulihat makin aneh aneh kalian ngetag org orgnya 😭🤣,Negatif
Pencairan yg paling lama dari semua beasiswa yang saya ikuti😢😢 mohon jika ada keterlambatan bisa share infonya pak/bu,Negatif
Ayoo min sudah mau sebulan dari tgl pengumuman,Negatif
min dh dua minggu lebih ini,Negatif
@flowerdarkness_ duhhh gimana dongg ini minn @beasiswakaltim kok lama banget pdhl kami juga butuh untuk kepentingan kuliah😢😢,Negatif
Minimal info lah min jgn d gniin sudh berharap bgt ini😔,Negatif
Minimal kasih info lah paling lambat kapan? apa karena pilgub apa gimana? coba ada penjelasan kami ngga bakal nanya2 kapan cair... jangan digantung,Negatif
@isran.noor.official kai liatin kai lawas banar cairnya beasiswa wahini. kayak apa buannya ini kai🔥,Negatif
min ini kelanjutannya gimana yaa bilangnya setelah tanggal 20 tapi belum keliatan tanda’nya paling gak kasih kepastian min🥲🥲,Negatif
@beasiswakaltim ga biasanya lama,Negatif
@flowerdarkness_ iya min lama bgttttt taun iniii,Negatif
Bujuran lama btul stimulan cair nah heh🙄,Negatif
Cape d gantungin mulu,Negatif
Tahun kemarin seminggu setelah pengumuman sudah cair tapi tahun ini 2 Minggu gaada tanda cair😢@awaliafernanda @dnd.dmy,Negatif
Sdh 2 Minggu lamanya,Negatif
inpooo minn lama bet dah cairnya😭,Negatif
info cair bosku kmrn pengumuman digantungin ini pencairan jg sama aja,Negatif
LUCU,Negatif
@mraflids kpn dibalasnya?? sanggahanku blm ada balasan eh lama btl sdh,Negatif
@_.unworthyy kpn dibalasnya kak?? asli sanggahanku blm ada dibalas lama btl eh sdh,Negatif
@febri20s ya hrusnya pemerintah lebih peka dan cejatan kalau urusan pendidikan dan senestinya beasiswa seperti ini diberikan sebelum pembayaran ukt kenaikan tingkat,Negatif
Tidak ada respon,Negatif
@martinrianti yaAllah kelamaan,Negatif
@ellaina_alpha ya ini aja udh seminggu setelah penutupan masa sanggah tp blm ada cair...jasi kalo gk tahun dpn ya tunggu sampe lulus😂😂😂,Negatif
@martinrianti gk tau nah lama bgt tahun lalu loh cepat ajh gk tau kenapa tahun ini lama bgt,Negatif
Kapan niee stimulan cairnya udah hampir seminggu dari hari penutupan sanggahan,Negatif
@adr____rmdn iya bujur hp ku rusak nunggu beasiswa cair ni lama,Negatif
@kinohara_riki bjir lamanya,Negatif
Sekalian min syarat wajib KHUSUS UNIVERSITAS AKREDITAS A DAN PRODI AKRE A,Negatif
Aku anak yatim ko ga pernah dikasi lolos yaa? Sedangkan temen kampus sendiri yang dikalangan orang berada,Negatif
tolong gimana ini masuk skoring tp difitnah ikut beasiswa lain😭 nyanggahnya gimanaaaa,Negatif
emg nda bisa dipertimbangkan klo skoring nya kurang? kmrin nda seribet ini deh persyaratannya,Negatif
sekalian aja min di tulis situ KHUSUS AKREDITASI A,Negatif
" parah si diblokir padahal hak kita masi ad dsitu😢"";""60826319334"";""ana_gilman.02""",Negatif
 dari agustus aja saya belum cairr,Negatif
" sudah hampir sebulan lalu cair"";""56510224347"";""cyclinnn_""",Negatif
" kenapa lagi ini min yaAllah😭😭"";""7162947291"";""gain.archives""",Negatif
" ada ada aja kmrn penambahan wktu skrng status hilang. Serasa di ghosting 😂😂"";""9225295067"";""vamellash""",Negatif
" tapi sudah satu bulan gada balasan dan di anggurin🥹👏 ayo min SALURKAN dan KASIH KEJELASAN kasian teman teman yang gapunya wewenang dan bingung untuk bersuara karena beasiswa yang tidak kunjung cair dan alasan yang sangat amat tidak jelas☺️"";""7162947291"";""gain.archives""",Negatif
" ini yg gada kesalahan apa apa tapi belum cair juga lama lama capek 😂"";""55654764123"";""alstoniarobi""",Negatif
" dapet udah berkali kali. Tapi ini yg paling LAMA dan BERMASALAH terus 😂"";""55654764123"";""alstoniarobi""",Negatif
 sebelumnya stafnya bilang pencairan dana paling lambat Desember tgl 12 sedangkan sampai saat ini masih belum ada kabar,Negatif
 sudah 2 bulan lebih ini tidak ada kabar info2,Negatif
 banyak yang belum tersalurkan,Negatif
" cairnya ga merataa. Ini saya gada kesalahan tapi smpe skrg belum juga cair 😧"";""55654764123"";""alstoniarobi""",Negatif
" jadi memang sengaja di gagal kan.. ambil sudah taro di kas daerah. Nyerah sdh"";""21632974969"";""gadingdarawahyudinanti""",Negatif
"""@sylviasfyaa tergantung akreditasi kampus dn prodinya jga. baca dri komen?ý????""",Negatif
"""@deswita.scj betulll. Harusnya di jelaskan lebih detail lagi""",Negatif
"""Kasian yg univnya non unggulan/prodinya bukan akre A""",Negatif
"""@ardhi_pandawa semahal apasih S2 unmul dibanding S2 dikampus yg akreditasi A????""",Negatif
"""Sepertinya untuk tahun selanjutnya ketentuan umum itu di depan  bukanya dibelakangan???????""",Negatif
"""@dovpb mungkin UKT nya mahal semua mas jadi yaa skor nya di naik kan????""",Negatif
"""@dovpb iya kak gak layak setelah Unmul turun akreditasi. Nyesel gak sih lanjut di sini? Wkwkwkw""",Negatif
"""Apa daya belum rejeki.""",Negatif
"""Yg ikut dari tahun 2022 gimana pak?""",Negatif
"""@opik2370_ upp sama min kasusnya""",Negatif
"""Aku belum ngerti ini berarti tunggu pengumuman lagi baru ke bank atau gimana ya? Baru pertama kali""",Negatif
"""Pencairannya kapan ya ???›""",Negatif
"""Kira2 yg di pangkas berapa banyak nih yaa????????????""",Negatif
"""TOLONG JELASKAN SASARAN TARGET TUJUAN BEASISWA KALTIM TAHUN INI ITU SIAPA?",Negatif
"""Klo gk ada yg lolos trus dananya dikemanain ya ????""",Negatif
"""@saniah2806 masih gak masuk kak.. klo prodi B PT B biarpun ipk 4.. jdi tetap ada salah satu entah PT atau prodi yg A.. memang skoring tahun ini gak masuk akal entah kenapa""",Negatif
"""Angka 4 pun saya g bisa lolos???›. Apakah karna sy kuliah diunmul""",Negatif
"""@mdhta_ saya 310 beda koma doang ga lolos ????""",Negatif
"""@ribkatarigan22 Beasiswa Akreditasi A Tuntas harusnya. Hapus kaltimnya????""",Negatif
"""@dikisuganda_ds kawan saya bro prodi nya Akreditasi A tapi gak lolos juga ?????????¯""",Negatif
"""Ini yg tulisan nya ""TIDAK MASUK BATAS SCORING"" gk bisa ikut tahap 2 kh atau masi bisa??""",Negatif
"""@_minniem00 nah yg jadi pertanyaan ku disini apakah tidak ada tahap 2 karna tahun tahun sebelumnya ada dan sya yakin lolos sama seperti tahun tahun sebelumnya""",Negatif
"@ikh_ean ga juga sih, peminat kaltim tuntas tahun ini turun 4rb an dari tahun kemarin",Negatif
Ada yang udah dapet jawaban sanggahan ngak?,Negatif
Yg ikut dari tahun 2022 gimana pak?,Negatif
Tidak lolos batas skoring maksutnya gmna ya? ????,Negatif
min ini serius gada tahap 2??,Negatif
Bakal diterima ngga ya??,Negatif
@______why.me______ perlu di curiga ya?,Negatif
Tahun ini penerima beasiswa cuma 40% dari tahun sebelumnya,Negatif
Seleksi dilakukan menggunakan urutan nilai mulai dari nilai tertinggi(rangking). Tapi disekolah anak saya yang dapat beasiswa malah nilai yang kurang(dari kelas 1 sampai kelas 3 tidak pernah masuk peringkat 10 besar ?????). Itu dinilai dari apanya ko bisa dapat beasiswa dengan kategori akademik ?????,Negatif
Sampai saat ini belum ada yg cair...@beasiswakaltim boleh di infokan kah,Negatif
Nilai tidak.masuk.skoring tahun ini kasian bkm rezeki anak ku,Negatif
kpn ya cairnyaa,Negatif
kok belum cair cair ya?,Negatif
Apa yang jalur prestasi juga pake skoring ya nilai tidak masuk sekoring lah anak saya pake jalur prestasi non akademik  ga tau nilainya berapa gimana itu mohon penjelasannya,Negatif
@deswita.scj yang daftar banyak jadinya yang akre nya A nilainya makin tinggi dan yang tahun lalu akre B biasa lolos tahun ini gak lolos karena anggaran di potong dan peminat beasiswa semakin banyak,Negatif
kasian yg ngarepin duit beasiswa buat kuliah min,Negatif
Ini masuknya tahap 1 apa 2?? Tinggi amat wehh tahun lalu ga gini mana aku anak Teknik sangad kacaw kalo harus sempurna:),Negatif
Sepertinya untuk tahun selanjutnya ketentuan umum itu di depan  bukanya dibelakangan????,Negatif
@dovpb mungkin UKT nya mahal semua mas jadi yaa skor nya di naik kan??,Negatif
Klo gk ada yg lolos trus dananya dikemanain ya ??,Negatif
Ipk standar jangan ngarep,Negatif
@herryudha_p berarti di juknis khusus untuk prodi S2 minimal akreditasi A Ipk 4. Kalau mrk tau anggaran tidak cukup di juknis seharunya jg di revisi,Negatif
Kira2 yg di pangkas berapa banyak nih yaa??????,Negatif
Daftar stimulan prestasi non akademik skoring 398.579 tapi gak lolos verifikasi dgn alasan sertifikat tidak sesuai juknis. Baru sadar walau juara 1 internasional kalau penyelenggaranya bukan dari kemendikbud etc ditolak :) apa effort supaya dpt juara 1 internasional dgn penyelenggara kampus etc beda gitu ya lebih effortless kali ya :),Negatif
Tolong jelaskan skema penilaiannya seperti apa? Kalau memang ada faktor lain yang bukan kesalahan dari kita,Negatif
"Temen gua dpt beasiswa nya  apakah IPK sekarang gk ngaruh? Padahal kita jga daftar nya barengan dan katagori yg sama. Tolong penjelasannya knp aq gk dpt? IPK 3.88 kok biasa gk dpt ya"";""32187784558"";""______why.me______""",Negatif
hasil skoring saya 303.091 dgn IPK 3.64 harus gimana lagi biar dpt beasiswa ini ya cuma dpt hikmahnya aja??,Negatif
Transparansi nya mana nih kak banyak yg skoring diatas ambang batas,Negatif
jangan lupa ya transparansi penerimanya,Negatif
Saya bingung standar skoring ini bagaimana,Negatif
kalo tau ambil stimulan aja kemarin,Negatif
" gtu... Cara hitungnya itu gimna? Kok bisa? Skor rendah gara"" apa? Klo di bilang unggul siapa IPK ku lebih tinggi ??"";""32187784558"";""______why.me______""",Negatif
Kok bisa ya lalai bgt pdhl berkas udah bener tapi administrasi di tolak sedangkan skorsing harusnya lolos,Negatif
TERUS DI JUKNIS FUNGSINYA APA KALAU SYARAT MINIMAL AKRE B ????? KALAU MEMANG HANYA DI KHUSUSKAN AKRE A IPK SEKIAN,Negatif
alasan anggaran di potong apa min?,Negatif
"ini gimana min, Akreditasi PT B tapi di akun masih C, kalau aku hitung, bisa lolos klw status akreditasinya B, dan otomatis skornya melewati batas minimal skorin, tapi karena di akun masih C, jadinya gak masuk batas minimal skoring???",Negatif
Sepertinya untuk tahun selanjutnya ketentuan umum itu di depan  bukanya dibelakangan???????,Negatif
Seleksi dilakukan menggunakan urutan nilai mulai dari nilai tertinggi(rangking). Tapi disekolah anak saya yang dapat beasiswa malah nilai yang kurang(dari kelas 1 sampai kelas 3 tidak pernah masuk peringkat 10 besar 🤦‍♀️). Itu dinilai dari apanya ko bisa dapat beasiswa dengan kategori akademik 🤦‍♀️,Negatif
@andno_alfaridz tp ada loh yg pihak skolahnya lepas tangan apalgi TU sblumnya resign 😂😂😂 sya pasrah aja kakk beasiswa anak sya.. Cair atau tidak 😂,Negatif
Mohon diinformasikan perihal pencairan beasiswanya. Mohon dengan sangat ya admin🙏🏻. Berikan informasi yang resmi dan valid,Negatif
plisss kapan pencairan dana beasiswa ya min😭 mau buat bayar UKT semester min🥹mn hbs kena musibah jg😭plisss udh awal november segeran pencairan dana nya🥹🙏🏻,Negatif
Bapak PJ Gubernur Terhormat kira kira kapankan pencairan dana BKT dikarenakan dari perbaikan rekening sudah hendak sebulan Bapak. Mohon tanggapannya Bapak🙌 @piliangkemal,Negatif
lebih butuh informasi transparansi anggaran sih daripada informasi skoring🤔,Negatif
Udah semester 7 3x nyoba gak lolos lolos ntah apalah 😂 mau ikhlas tapi butuh banget buat bantuan ukt😂,Negatif
ternyata kalah di akreditasi sedih bgt cuy 😭 butuh keadilan lah 😭,Negatif
Kalau IPK tinggi tapi akreditasi B/C  ya mana dapat😂,Negatif
"""@whooopsiw kayaknya ada info memang anggaran kurang ga si tahun ini karena plkd""",Negatif
"@littokio saya tau tapi saya cuma menjelaskan saja kalau jangan disamaratakan karena tuntas kategori lain masih ada yg lolos, dan juga sudah ada info dari media2 kalau anggaran dipangkas jadi penerima pun ga sama seperti tahun kemarin",Negatif
"IPKnya harus diatas 3,85 ??ý jdi klo kyk gini yg dpet BKT bisa brp org yaaa? Kok jdi mengherankan dengan skor setinggi ini siapa aja yg dpet ????",Negatif
"Mohon penjelasannya pak PJ Gubernur Kaltim yang terhormat, kenapa dana beasiswa di pangkas ? @piliangkemal ???",Negatif
"@dovpb sedih bgt ya kak wkwk, jadi mikir2 mau lanjut s2 gegara gak mungkin lolos kalau skoringnya segini??ý",Negatif
"@muayyub_atreides seingat saya turun itu di akhir tahun 2022, untuk pendaftaran tahun 2023 seingat saya untuk BKT itu 3,67 untuk S2 berakreditasi B. Yg sy heran kenapa skoringnya naik jauh bgt wkkwk",Negatif
"@herryudha_p berarti di juknis khusus untuk prodi S2 minimal akreditasi A Ipk 4. Kalau mrk tau anggaran tidak cukup di juknis seharunya jg di revisi, jgn di samakan dengan tahun2 sblmnya yg anggarannya besar.",Negatif
"""menyala uang bpkku untuk penelitian kalo kaya gini??????›""",Negatif 
skoring nya setinggi harapan mamakku min???????,Negatif 
gadapat min 😢,Negatif  
" hari ini baru cair puji tuhan"";""47392630136"";""defnotclar""",Posiitif
"""@nadimass_ gw univ B prodi C stimulan dapet mbak. Mungkin aja skoringnya masuk di tahap 2 semoga ada info lebih lanjut.""",Positif
"""Trnyata g cuma aku yg skoringnya rendah??? gpp semoga kita di berikan rezeki yang lain""",Positif
"""@creppiess semoga ada informasi terkait tahap 2 butuh juga buat tugas akhir""",Positif
"""@nisa_nafah mending nanti kita laporkan akreditasi naik sdh punya kita""",Positif
"""@whooopsiw disuruh belajar lgi berati biar lebih tinggi dri skoring yg ditentukan kak????????""",Positif
"""@sttteeaa banyak banyak istighfar untuk kita yg ga lolos??????ý""",Positif
@______why.me______ kira2 ada tahap 2 nya gak ya? Kl ada smg gak gini lg. Saran aja kl ada kategori tidak mampu,Positif
"mohon konfirmasi serta penjelasannya agar tidak terjadi kegaduhan di kolom komentar??????????"";""8038260540"";""abdullatiif04""",Positif
@iam_gonehold masalahnya cuman di anggaran dipangkas dan skoring dinaikkan yakan? namanya kita daftar beasiswa ya begitulah resikonya. Mun kada lulus berarti kada rezeki,Positif
@whooopsiw disuruh belajar lgi berati biar lebih tinggi dri skoring yg ditentukan kak????,Positif
@herryudha_p kalau kakak bilang jangan sempit pemikiran. Seharusnya pihak provinsi juga mempertimbangkan kesetaraan sistem akreditasi lama dengan yang baru. Sebab sejatinya secara skor akreditasi,Positif
Trnyata g cuma aku yg skoringnya rendah?? gpp semoga kita di berikan rezeki yang lain,Positif
@creppiess semoga ada informasi terkait tahap 2 butuh juga buat tugas akhir,Positif
berharap bgt dapat soalnya lgi skripsian,Positif
Aku rindu kebijakan kai isran semoga terpilih kembali??,Positif
@deswita.scj tapi dari kk nya kalau belum mau menerima informasi dari kita dengan baik gaakan bisa diterima walaupun gimana kita jelasinnya ?? yg sabar ya kak semoga tahun depan bisa diterima,Positif
" masih ada kesempatan dg tahap 2 krn anggarannya lebih. Agak kaget jg Unmul turun jadi B. Semoga bisa menjawab dan dapat beasiswa di lain tempat"";""1716420106"";""hannyramaa""",Positif
Ingfo tahap 2 skoring di turunkan,Positif
berharap ada tahap 2,Positif
mau ikutan speak up juga terkait dana beasiswa yang belum cair ini.. bapak/ibu  dari penjelasan di berita berita sendiri yang mengatakan kalo pencairannya bertahap karena banyaknya penerima  juga termasuk saya sendiri yang sangat butuh untuk praktek kerja di pulau jawa dimana butuh biaya yang besar. lalu apakah kami yang tidak melaporkan adanya perbaikan rekening ini harus benar-benar menunggu semua masalah clear? bkt plisss segera cair plisssssss,Positif
Mau ngeluh tapi asudahlah belon rejeki😢,Positif
"@novelfirmanz iya mas, saya berani komen karna saya sudah nyoba kok menggunakan sistem penilaian juknis, kalau mas ga percaya silahkan dicoba sendiri ya ???? ohya, mungkin alasan karna anggaran tahun ini lebih sedikit dari tahun lalu makanya skoring tinggi itu benar sekali, tapi menurut saya seharusnya jika diketahui anggaran kurang dari tahun sebelumnya juknis persyaratan juga jangan disamakan dengan tahun sebelumnya yg anggarannya ga sebanyak sekarang",Positif
"NT, beda gubernur beda kebijakan. Semoga kai Isran terpilih kembali ????",Positif
Apa daya belum rejeki.,Positif
"@deswita.scj mba mba, Beasiswa Kaltim Tuntas itu punya banyak KATEGORI, dan setiap kategori Passing Grade/Batas minimal Skoring nya berbeda-beda, tidak disama ratakan ????????????",Positif
"@iam_gonehold masalahnya cuman di anggaran dipangkas dan skoring dinaikkan yakan? namanya kita daftar beasiswa ya begitulah resikonya. Mun kada lulus berarti kada rezeki, seperti kita yg di BANK kemarin, belum rezeki itu namanya, rezekinya berarti di lain. lapang dada saja lah????????, keran yg disini tertutup berarti ada keran ditempat lain yg terbuka.",Positif
Bismillah ya Allah ??®œ???ý??¯,Positif
"@deswita.scj skoring beasiswa ga menggunakan IPK saja mba, penghitungan skoring menggunakan akred univ dan prodi, setiap tingkat akred ada poinnya masing-masing, makin tinggi akred kredit angkanya juga tinggi. setelah itu baru dikali dan dibagi sama IPK+akred kampus+akred prodi. jadi walaupun IPK tinggi pasti akan kalah sama yg akred nya bagus, dan emang udah resikonya begitu. diawal pengumuman pendaftaran beasiswa dikasih liat kok juknisnya, didalam juknisnya juga ada sistem penghitungan skoring nya juga.",Positif
"@tiuzjulian kriteria skoring beasiswa sudah dijelaskan dari pengumuman pendaftaran. disitu sudah jelas dan ada 2 juknis, juknis stimulan dan juknis tuntas. seharusnya sebelum pendaftaran dibaca dengan baik dulu juknisnya, supaya kalo ga lulus ga ngomel-ngomel",Positif
"@whooopsiw mungkin krna peminat semakin bnyak, makanya di naikkin jga supaya persaingan makin ketat",Positif
"@deswita.scj aku dapat beasiswa ipk 3.7 akreditasi sama, liat juga kak kategorinya ga semuanya begitu aku kategori miskin bisa dapat kok dari juknis kan syarat daftar bukan syarat keterima ????",Positif
"@deswita.scj justru karena anggaran nya tidak sebanyak tahun lalu makanya skoring nya dinaikkan, supaya perangkingan nya lebih mudah karena menyesuaikan dengan anggaran yang ada. untuk juknis udah pakem nya memang seperti itu dari tahun ke tahun, kalau dirubah ya ga bisa seenaknya.",Positif
"@saniah2806 ya skornya naik krna anggaran BKT tahun ini turun jauh dibandingkan tahun lalu. Kalau semisal banyak universitas A dan prodi A yang daftar, ya pasti skoringnya bakal naik dong. ambang batas skoring ya berdasarkan anggaran dan keseluruhan skor peserta S2",Positif
"""@dovpb sy s2 unmul jg ka tp alhamdulillah dapet?????¯""",Positif
"""Alhamdulillah lolos meskipun prodiku akreditasi C ???? harus semakin semangat belajar""",Positif
"""@______why.me______ aku ipk 3.76 dapat bang. Yg stimulan prestasi akademik""",Positif
"""alhamdulillah akhirnya keluar juga""",Positif
"""alhamdulillah lolosƒ?‹?""",Positif
"""Alhamdulillah terima kasih ƒ?§‹??????¯""",Positif
"""Alhamdulillah lolos sebagai calon penerima ???ý??¯""",Positif
"""alhamdulillah yaallah lolos""",Positif
"""@______why.me______ cara perhitungannya sudah paling lengkap gitu masih dicurigain? wkwk kocak""",positif
"""Alhamdulillah""",Positif
"""Aku rindu kebijakan kai isran semoga terpilih kembali????""",Positif
"""Bismillah ya Allah ??®œ???ý??¯""",positif
"""bismillah ajaa hahaha""",positif
"""@ahmdfauzyy_ alhamdulilah aku""",Positif
"""@dikisuganda_ds saya dari Unmul lolos""",Positif
"""Trimakasih beasiswa kaltim??ø???""",Positif
@dovpb sy s2 unmul jg ka tp alhamdulillah dapet?????¯,Positif
Alhamdulillah lolos meskipun prodiku akreditasi C ???? harus semakin semangat belajar,Positif
Alhamdulillah??§,Positif
alhamdulillah lolosƒ?‹?,Positif
@kyneun07 wah selamat ya buat kamu! tapi saya sedang bahas kaltim tuntas akre b kak dan saya tau betul kok syarat juknisnya,Positif
"@deswita.scj dilihat juga kategorinya kak jangan disamaratakan, banyak yang bikin salah paham dan jadi kurang literasi membaca pengumuman selanjutnya ?????¯",Positif
@whooopsiw disuruh belajar lgi berati biar lebih tinggi dri skoring yg ditentukan kak????????,Positif
"@kyneun07 Beasiswa Kaltim Tuntas Kategori Miskin minimal Skoring nya 309 kan ya mba? akred B prodi B pasti bisa dapet, alhamdulilah ya mba, selamat dan semoga berkah",Positif
"akhirnya yang di tunggu-tunggu, terimakasih BKT ?????????¯",Positif
Alhamdulillah terima kasih ƒ?§‹??????¯,Positif
Alhamdulillah lolos sebagai calon penerima ???ý??¯,Positif
"""@myesnawatiee trima kasih kak..alhamdulillah  anak nya kembali lolos lagi tahun ini""",Positif
@kristian_panuci yang tabah daftar lagiiii taon depan,Positif
adain tahap 2 dong min,Positif
Anak saya dari SD min 2 kukar 2 orang saya daftarkan.. Alhamdulillah lolos cuman 1 org...,Positif
Alhamdulillah anak saya lolos,Positif
@myesnawatiee trima kasih kak..alhamdulillah  anak nya kembali lolos lagi tahun ini,Positif
@hafshah_ku alhamdulillah thank u ya,Positif
@anisluthfi alhamdulillah,positif
yok tahap 2,Positif
@tiuzjulian kriteria skoring beasiswa sudah dijelaskan dari pengumuman pendaftaran. disitu sudah jelas dan ada 2 juknis,Positif
alhamdulillah yaallah lolos,Positif
alhamdulillah akhirnya keluar juga,Positif
Katanya tahun ini kuota nya diperbanyak,Positif
Lolos nii boss senggol dongg,Positif
akhirnya yang di tunggu-tunggu,Positif
Alhamdulillah mari kita tutup drama perbeasiswaan ini krna saya sdh cair heehee,Positif
Alhamdulillah udah cair. Terima kasih sebanyak2nya kepada Beasiswa Kaltim karena sudah membantu Saya selama kuliah S2 ini. Semoga semakin sukses dan semakin banyak teman2 yang bisa merasakan kesempatan yang sama. Semoga Saya juga bisa berkontribusi untuk Kaltim selepas lulus S2 ini. Terima kasih ????,Positif
tolong adakan tahap dua ya min,Positif
@k_nia49 iya ikhlas aja lh,Positif
rela ga daftar beasiswa lain demi nunggu bkt :),Positif
yok bisa yok tahap 2 biar adil,Positif
semoga ada tahap 2,Positif
Yang setuju Tahap 2 dibuka ====>,Positif
Bisaaa yooook tahap 2,Positif
Yok bisa yok tahap 2,Positif
infokan tahap 2,Positif
tahap 2 please,Positif
@bibbblebluesky Alhamdulillah setelah penantian panjang,Positif
akhirnyaaaaaaa yallahhh,Positif
" tengkyuuu bgttt sebelumnya udaa mauu jawab jawabin kebingungan kamii semuaa. Berarti insyaallah ini fiks bakal tetep lanjut yaa programnyaa  jdi harapannya program ini masi diadakan at least sampe sem 8 :((."";""33615609545"";""febbariya_""",Positif
" tetep nungguin aja ini semoga ada perubahan:'"";""63898574302"";""arsip.sayaaa""",Positif
" klo mmng belum rezeki ya gpp"";""5810869966"";""k_nia49""",Positif
@dovpb sy s2 unmul jg ka tp alhamdulillah dapet🙏🏻,Positif
Bismillah ya Allah 🫣🤲🏻,Positif
Alhamdulillah terima kasih ☺️🙏🏻,Positif
Alhamdulillah lolos sebagai calon penerima 🤲🏻,Positif
Alhamdulillah lolos meskipun prodiku akreditasi C 🙌 harus semakin semangat belajar,Positif
alhamdulillah lolos❤️,Positif
skoring nya udah di atas ketentuan,Positif
@nr_rahenda tahun depan aman karna pak isran naik,Positif
@deswita.scj juknis persyaratan itu gak jadi masalah juknis itu malah bagus ngebantu mengira ngira dapat skor berapa kita,Positif
@deswita.scj justru karena anggaran nya tidak sebanyak tahun lalu makanya skoring nya dinaikkan,Positif
@saniah2806 ya skornya naik krna anggaran BKT tahun ini turun jauh dibandingkan tahun lalu. Kalau semisal banyak universitas A dan prodi A yang daftar,Positif
Alhamdulillah udah cair. Terima kasih sebanyak2nya kepada Beasiswa Kaltim karena sudah membantu Saya selama kuliah S2 ini. Semoga semakin sukses dan semakin banyak teman2 yang bisa merasakan kesempatan yang sama. Semoga Saya juga bisa berkontribusi untuk Kaltim selepas lulus S2 ini. Terima kasih 🙏🙏,Positif
@zeaa_lou ayooo tahap 2🔥🔥🔥🔥🔥🔥🔥🔥🔥,Positif
udah cair Alhamdulillah 😭,Positif
insyaallah katanya PJ Gubernur minggu ini gais,Positif
Sbnrnya kalo mmg ada keterlambatan pun masih bs diterima asalkan transparan dan komunikatif,Positif
@pendekar_isi_hati123 wkwkkk doain yak besok ke dinas ada titik terang nya😢,Positif
Dana sdh ada,Positif
Semoga hari ini pencairan 😔😔😔,Positif
Hari ini semoga pencairan 🤲🏻,Positif
@renraidennn saat ini masih dalam proses pencairan ke pihak bank dan selanjutnya dari pihak bank ke rekening masing2. Mohon ditunggu informasi selanjutnya 😊,Positif
@faa_3.1 mantap semoga sore atau besok sudah cair,Positif
@turu_first mungkin pertengahan sih .. berdoa aja broo lekas klo yang tuntas GK tau ya mungkin barengan,Positif
@febri20s bener banget kita sangat berharap sama beasiswa ini bagi yang ga lolos kipk,Positif
@martinrianti tahun lalu saya penerima beasiswa stimulan memang nunggu sebulan/lebih setelah pengumuman baru cair,Positif
@martinrianti iya mana anggarannya di potong semoga cepat deh,Positif
@beasiswakaltim ayo kak segera cairkan 🙌,Positif
anak sy d tolak Krn administrasi dokumen upload UKT beda dgn yg d tulis.. Samentara perbedaan yg d tulis dgn dokumen upload adanya biaya admin tambahan bank..dan sanggahan sdh dkirim..smoga BS d terima alasan tersebut..,Positif
 smoga bulan ini juga cairnya,Positif
Alhamdulillah,Positif 
Alhamdulillah🥺,Positif 
